-- phpMyAdmin SQL Dump
-- version 5.2.1
-- https://www.phpmyadmin.net/
--
-- Host: 127.0.0.1
-- Generation Time: Nov 27, 2025 at 09:45 PM
-- Server version: 10.4.32-MariaDB
-- PHP Version: 8.2.12

SET SQL_MODE = "NO_AUTO_VALUE_ON_ZERO";
START TRANSACTION;
SET time_zone = "+00:00";


/*!40101 SET @OLD_CHARACTER_SET_CLIENT=@@CHARACTER_SET_CLIENT */;
/*!40101 SET @OLD_CHARACTER_SET_RESULTS=@@CHARACTER_SET_RESULTS */;
/*!40101 SET @OLD_COLLATION_CONNECTION=@@COLLATION_CONNECTION */;
/*!40101 SET NAMES utf8mb4 */;

--
-- Database: `bitecheck`
--

-- --------------------------------------------------------

--
-- Table structure for table `attendance`
--

CREATE TABLE `attendance` (
  `attid` int(11) NOT NULL,
  `studid` int(11) NOT NULL,
  `timestamp` datetime DEFAULT NULL,
  `status` varchar(10) NOT NULL,
  `food_id` int(11) NOT NULL
) ENGINE=InnoDB DEFAULT CHARSET=utf8mb4 COLLATE=utf8mb4_general_ci;

--
-- Dumping data for table `attendance`
--

INSERT INTO `attendance` (`attid`, `studid`, `timestamp`, `status`, `food_id`) VALUES
(23, 9, '2025-11-27 23:43:46', 'Present', 18),
(24, 13, '2025-11-27 23:47:59', 'Present', 18),
(25, 9, '2025-11-28 00:45:00', 'Present', 5);

-- --------------------------------------------------------

--
-- Table structure for table `feedback`
--

CREATE TABLE `feedback` (
  `fbid` int(11) NOT NULL,
  `foodid` int(11) NOT NULL,
  `studentname` varchar(50) DEFAULT NULL,
  `rating` int(11) NOT NULL,
  `comment` text NOT NULL,
  `eat_again` enum('Yes','No') NOT NULL,
  `created_at` datetime DEFAULT NULL
) ENGINE=InnoDB DEFAULT CHARSET=utf8mb4 COLLATE=utf8mb4_general_ci;

--
-- Dumping data for table `feedback`
--

INSERT INTO `feedback` (`fbid`, `foodid`, `studentname`, `rating`, `comment`, `eat_again`, `created_at`) VALUES
(1, 18, 'ba', 3, 'food is oily', 'Yes', '2025-11-20 20:46:03'),
(6, 1, 'ba', 3, 'soo good', 'Yes', '2025-11-24 10:47:14'),
(7, 2, 'ba', 4, 'soo good', 'Yes', '2025-11-25 10:01:58'),
(8, 3, 'ba', 4, 'soo good', 'Yes', '2025-11-26 10:02:43'),
(9, 3, 'baj', 4, 'soo good', 'Yes', '2025-11-26 10:13:29');

-- --------------------------------------------------------

--
-- Table structure for table `food`
--

CREATE TABLE `food` (
  `foodid` int(11) NOT NULL,
  `foodname` varchar(50) NOT NULL,
  `fooddescription` varchar(100) DEFAULT NULL,
  `foodimage` varchar(100) DEFAULT NULL
) ENGINE=InnoDB DEFAULT CHARSET=utf8mb4 COLLATE=utf8mb4_general_ci;

--
-- Dumping data for table `food`
--

INSERT INTO `food` (`foodid`, `foodname`, `fooddescription`, `foodimage`) VALUES
(1, 'Samosas', 'Deep-fried pastry filled with spiced potatoes and peas.', 'samosa.jpg'),
(2, 'Misal Pav', 'Spicy sprouted lentil curry served with soft bread rolls and toppings.', 'Misal-Pav.jpg'),
(3, 'Idli', 'Steamed rice cakes with lentil soup.', 'idli.jpg'),
(4, 'Thepla', 'Thin Gujarati flatbread made with wheat flour and spices, often with fenugreek.', 'Methi-Thepla.jpg'),
(5, 'Medu vada', 'Crispy deep-fried lentil donuts, soft inside, served with chutney and sambar.', 'medu-vada.jpg'),
(6, 'Vada pav', 'Spicy potato fritter in a bun.', 'Vada-pav.png'),
(7, 'Aloo Parathas ', 'Stuffed flatbread with spiced mashed potatoes, served with curd or pickle.', 'Aloo-Paratha.jpg'),
(8, 'Aloo Gobi Adraki', 'Potato & cauliflower with ginger-flavored masala.', 'Aloo-Gobi-Adraki.jpg'),
(9, 'Bhindi Do Pyaza', 'Okra cooked with double onions & spices.', 'Bhindi-Do-Pyaza.jpg'),
(10, 'Jeera Aloo', 'Light cumin-flavored potato sabji, perfect with roti.', 'jeera-aloo.jpg'),
(11, 'Baingan Bharta', 'Smoked eggplant mashed & cooked with onions and tomatoes.', 'Baingan-Bharta.jpg'),
(12, 'Dum Aloo Banarasi', 'Spiced baby potatoes in a flavorful gravy (lighter than Kashmiri).', 'Banarasi-Aloo-Dum.jpg'),
(13, 'Methi Aloo', 'Fenugreek leaves with potato.', 'methi-aloo.jpg'),
(14, 'Malai Kofta', 'Fried cottage cheese–potato dumplings in creamy cashew gravy.', 'Malai-kofta.jpg'),
(15, 'Veg Handi', 'Mixed vegetables cooked in onion-tomato-cashew gravy.', 'veg-handi.jpg'),
(16, 'Paneer Butter Masala', 'Creamy tomato-based gravy with butter and soft paneer cubes.', 'paneer-butter-masala.jpg'),
(17, 'Methi Malai Matar', 'Creamy curry made with fenugreek leaves & green peas.', 'methi-matar-malai.jpg'),
(18, 'Aloo Matar Masala', 'Comfort-style potatoes and peas with restaurant flair.', 'Aloo-Matar.jpg'),
(19, 'Veg Kolhapuri', 'Spicy Maharashtrian-style curry with bold flavors.', 'Veg-Kolhapuri.jpg'),
(20, 'Navratan Korma', 'Creamy curry with nine veggies, nuts, and fruits.', 'navratan-korma.jpg'),
(21, 'Kadai Paneer', 'Spicy paneer curry with capsicum and special kadai masala.', 'kadai-paneer.jpg');

-- --------------------------------------------------------

--
-- Table structure for table `student`
--

CREATE TABLE `student` (
  `studid` int(11) NOT NULL,
  `studname` varchar(50) NOT NULL,
  `studpnr` int(11) NOT NULL,
  `studphone` int(11) NOT NULL,
  `studcourse` varchar(50) NOT NULL,
  `studemail` varchar(50) NOT NULL,
  `studremark` varchar(50) NOT NULL,
  `studhostelroom` varchar(50) NOT NULL,
  `studbloodgrp` varchar(10) NOT NULL,
  `studsecretcode` char(6) NOT NULL,
  `studface` longtext CHARACTER SET utf8mb4 COLLATE utf8mb4_bin DEFAULT NULL CHECK (json_valid(`studface`))
) ENGINE=InnoDB DEFAULT CHARSET=utf8mb4 COLLATE=utf8mb4_general_ci;

--
-- Dumping data for table `student`
--

INSERT INTO `student` (`studid`, `studname`, `studpnr`, `studphone`, `studcourse`, `studemail`, `studremark`, `studhostelroom`, `studbloodgrp`, `studsecretcode`, `studface`) VALUES
(9, 'bansill', 4, 232432, 'MCA', 'asbjd@gmail.com', 'szdd', 'fth', 'O+', '596144', '{\"base64\": \"data:image/jpeg;base64,/9j/4AAQSkZJRgABAQAAAQABAAD/4gHYSUNDX1BST0ZJTEUAAQEAAAHIAAAAAAQwAABtbnRyUkdCIFhZWiAH4AABAAEAAAAAAABhY3NwAAAAAAAAAAAAAAAAAAAAAAAAAAAAAAAAAAAAAQAA9tYAAQAAAADTLQAAAAAAAAAAAAAAAAAAAAAAAAAAAAAAAAAAAAAAAAAAAAAAAAAAAAAAAAAAAAAAAAAAAAlkZXNjAAAA8AAAACRyWFlaAAABFAAAABRnWFlaAAABKAAAABRiWFlaAAABPAAAABR3dHB0AAABUAAAABRyVFJDAAABZAAAAChnVFJDAAABZAAAAChiVFJDAAABZAAAAChjcHJ0AAABjAAAADxtbHVjAAAAAAAAAAEAAAAMZW5VUwAAAAgAAAAcAHMAUgBHAEJYWVogAAAAAAAAb6IAADj1AAADkFhZWiAAAAAAAABimQAAt4UAABjaWFlaIAAAAAAAACSgAAAPhAAAts9YWVogAAAAAAAA9tYAAQAAAADTLXBhcmEAAAAAAAQAAAACZmYAAPKnAAANWQAAE9AAAApbAAAAAAAAAABtbHVjAAAAAAAAAAEAAAAMZW5VUwAAACAAAAAcAEcAbwBvAGcAbABlACAASQBuAGMALgAgADIAMAAxADb/2wBDAAMCAgICAgMCAgIDAwMDBAYEBAQEBAgGBgUGCQgKCgkICQkKDA8MCgsOCwkJDRENDg8QEBEQCgwSExIQEw8QEBD/2wBDAQMDAwQDBAgEBAgQCwkLEBAQEBAQEBAQEBAQEBAQEBAQEBAQEBAQEBAQEBAQEBAQEBAQEBAQEBAQEBAQEBAQEBD/wAARCAHgAoADASIAAhEBAxEB/8QAHQAAAAcBAQEAAAAAAAAAAAAAAgMEBQYHCAEACf/EAEoQAAEDAgUCBAMGBAMGBQIGAwECAxEABAUGEiExB0ETIlFhcYGRCBQyobHwFSNCwRbR4SQzUmKC8RdykqKyCSUmNDVDU2NEVHP/xAAaAQADAQEBAQAAAAAAAAAAAAAAAQIDBAUG/8QALREAAgICAgICAwACAgICAwAAAAECEQMhEjEEQRMiMlFhFCNxgQVCM0ORsfD/2gAMAwEAAhEDEQA/AMR5fsnHbm3ZXqAddSCUiTv2FaOybgybfBEvLbWhEKOlSOBMDf1P96o7Lrxtrpq7UyhSmFJcCSmRINayybiqFYElm6tWyypRWIMlSTvufSZ/vXFknL5Ejv3HDtFH56tsKcKV/wAwLJ/l6e5Pb2FVhdNlLxglUGDO5q6M/wCFsNYi4oshCVrUtACYA9hVY3WF27b8pWeSTt710t0cy6cg3C4DKBvPJp0Q0kxA/KisOs06dACpO4inm1wxaRr0JMneRzVxdoxES7d1adKGxtyaPYsLhSSFokRzO9PNtbBA0oG/PFKAhCAS4kg/CigENvhobMuah+YpU3bp16QIHb2o4EKGooj0MfGhta1EkiP8qYHAz5VfHmgIBUQmJAPFKd1pUEx8xQ2UmI0hR543oA8lAgEgAgUFxCSo+UDn5UalMgkduaCAkufj27igAIb0iSqQeBRiWypOoEesUclpKuUgJ9RvNDGkRoHO42oALQ3q8+5A3PtQlpCxskD4ij0oUQVEQB22r0AkgbAe1AAdGhGkkV4N7eh+PFDRpKoWZoTjaFKjTI7SKACQZJSpE+/rRhCNHlSNq8TGwSaGkeUjYfE0AEXCUFklKeOwqK4nOpaVAEySJPFSy5lLSoI34qK36QpSzuYJ35oAjtyNTh8nHNKsMEkLRBn5xRLySlXIn0ilVghLiwEbK+FKwF2I6gyADKVDaajTjThcPl1H/lqQ37K0IK9fyUDFMCnFeKUAgdppgdQiAUq49Irq0f0kD0rqW9wSomPajFNgjyT6+u1AHkMhKJgb9hSm1CUq80gyO1FoQVJAkADkxR1sgB5I0hUntQBLsPYAQklEkjmKsXp20ReB1SdakuBczvAPFQHDRLcAR6e1WF0/AGLAobSk+ApIUAZMqTtPfik+gJRm8a12Li1aR94ZHw/mDeti5Xa04Lh8j/8Axm9v+kVj/N7JDbAXv/NZVJH/APaK2RlhP/2PDSYn7o1v/wBIrNKmqBukE5kbbVYqQ4oBJKUkntuKoTK7ejOWOKWseVb6wSB+ILbSPyq/s0NhWGPCJOxAjvqFUNlXzdRMfLhQpBL6RInYrb/uK1fRK7NQYW0GsMt0QPKyjj10imTFkguKqQYYk/w1kqTpPgo2+QpjxWC4o0IVsY1IJPE0AITMaY+VKSCJgUHTvEb0xqwy2QOa5dIlJpRbpGnsKDcJASqkOysM9ILTay20lZJASDxqNZoze14aIa24SQd4ArT2eUqXbrCSAUOapImKzNnQkOKCW4SpZ0q7kQKmSGtlbYu2hDakr4moXmXDtWA3zwiG2S4SBOw3qZZgUG7Na1EqM96jeM3IGU8TSjdxdqptMiPxbH8jWbaS2axbUaKZeQ4hepcbgfOvIb18yKOuGVIUgA6iEjf5V23aTIIFaJmfYWGoPBn17VIspvhm7LWgqDojZPBpoU3HCf8ASnXBX1NOagiCQdzuTSltDTaL46WKeTfuti7KkeEoBsnYKMfTimjrU87cYlhrbxUh1ll6BEz+GN6c+jD6bi/vQ40pOm0C5I2kKA/vTf1xuFKzVZ26FQGrBK1exJrFJ8kdblcGkRPpWh25xzEULSZQ22QSB3Jn9KWZ4wq6GY3mwDzbrQk8g9v0pZ0VtUrzLizpKdCmEhaSO4khX5H86f8AqDZqGZre9tHUFS2WwUg7pWgyCfjNE5NSSReGuL5E0zpjD6+njthcBJYuXbdkEcpQFBSf0/On77MBQ5jGNoSrzo1HSewhG9QvPGNJvMjm0dd8y3raVERBBnt8Kefs23oZzPe/dSpC1JUl086jAj9/5UQglboWSV41RJPtRlLWKZa8VsFhq3cKz/zK0xUJ6aYuxgWOXF8gDTd26bbVA2lYJ/T8u9Tf7RF63dYZhTj7YT/LWNXM6Skd+8GqqyyUquQEHSkmTI5qcMk2VmjcEid9Zs02uI5LvcMVcgKWw6EaAd1R5Z+JA/fNNdGsQGB5tZv1IMpw3wVaU8HUkxPbcVJ+qBcdy+6lrUpXitKJHdIVuPpUV6fteHidy41slVsoHb0UIreTrZzpJx4lx4/nm0N74b13CUJ2Ch6+9G2OOWdwkaXm16uEpWCfpVb4otJfUSgbk9qLtlracS82rSpBlOnaDURkpI2mnqC6L0wH7vf3tkyVICPvTKlqUNglKwTPwrTmEeC8wC2UkaRsk7cVh3KOMYmi5DP3krHIS7uD3+PIrUuTM+KVZ24xa1NuotJUXUKlEwNvYVtAylcHbLCdt0pXsnc0tsUQsbHam62xFu+QlxlSVhW4INO9gg6gTNStM0nJuIvCduK60zKgIo8NkpECKG22Af8AOm9GKb6BhhOnYUWGtKjS/wAMaZ24opSR6fOpGqESmQTxXUtbcUfpoQR3mmASEEcUNImjAmTxQ4CRQ1fRQVp70JIMbChATRhSAJquw5NqgmN6GhAVtMULQDuIrumDxTVBE+KmT2bbEbhtpxWkT5lKH5itM5awG5awK0ctn0uMrZBaB28vasuZWeTbYjbPLZdW2hfmCBMbenetl9KBguJ5Utrh6yuf5BSy14iCiRp/EPUTx9O1eZlk1mjXR2ZV/qoovqXd3bL3iLw6CkK0kjYcD+4/YNVai8U+8FOpCgvfYVovqvcYa1c/w9lp0Kf2BB3jjv2E1QuJ2zFveOJZ3IURuNxXe3o8vodsISAkAzJEgkdqdwslQCRsKacKJLQATBjcHvTu0pQ37/CrXRAqbaUIUIM/lShSELT5iFEfrRCVLVCgJj2oaFEiSJjvTA8Gis/h57RxShCCke3YxXAFFMpSSn1AoYlJg9+0UAe/BClD6ChayE6gImvFG8kGK4tR0aFJ27CgDwAPHJ9KMFvMkjj2oporG6wPYUoC5BMgH4UADSkgBEeUflQgATKU/QV5BLglJ33+dGJRoV5p9DQBxKVgkxI+HxrxbIUFDb1FG+VJ2BINd2IPI+AoAAEqVvp+goWrSd+1HaZbCR25oOlJAASeN570AA8VOohDfr2riklZ0kgFW534pQEk+VCAAf6qCGzrOrtQAmvRoY0/1RzUTxBaUrcQUyZ2qZ3QSWlIIgkelRHE2UguLDap7maAI5cJIcPf1NLsL/lqB0hRJ3mkj/l8pI3PelGGqIcCAAUmSJoAccT1PtlISEwN6jK0+cqPwqSXwW4xpC/fYc1G3G0oWduZPFABiSlaY7dq7Kk8pIrjaQRAEntFHBLg7bUAGtla0nyiDR1vqDyQnaCJotseWf2KUWrrfigQN/wmKAJdYwLdvT5oAGqKsvp4hX8St0lZKtfiJAIgAETVcWCkpaQOwG3erI6d6v49bOpSpYS04mFcbxNAEszwo+A2jSSCpqCfXxU1sDLA04BhoP8A/qND/wBorIWfAhFvbhcAuFpYk8APJFbAyr58vYWsiP8AZUD8qm9qiZ9AMyoP8NdUBwU8n/mFZ7yq+gZ+xxkNEr13SRv6LbJ/WtE5kSlywLcHzLbBA7+cVnjLdslOeczYk4uCm6u0Np08hXhbz8RVdImLSkauw9ChYMkwZZR/8aYMWQPFUB3qR4cAnDmAkQAygDaP6RUexdMvEzQCdjQ4mBEGaDpJ3o7STzXCg0Deg1hMDfmg3SYSaOY43oN0CpJMflQF2VpnYlLTifE5I8scid/1rM+dtXi6VpIC1LCTzwf+1aYz0P5Tzk/7tBVx7is0Z2elwDRqLYKgo/i3iZqJWaJWVfmBAatnVkeUJJO1QXEbxDmAXjQlLy2oST6zP9qnWaVacLuSGyToIEdjNVfirq/uZCEiTAO8fOpX9KjrZFBaKWSSsztz60fb2ym1QocevFCt1alb9zS9hsrcCE8U7Ydqwldv5denYj04Fct1JS/p4PYx2p6urdKLMuQBA+tNNkhLjvm2E8RRYl2XL0VX92v8RaW7qXcWYWkRskBQ2ojrAjx84eOltehFg0hZA21QI/KudIU27OaW3HCFIuLN5sjfaBMU4dX/AAW8Uw5ds6JuLdRdBPYRpH0msnfNHZCSdphfQlpCsfxJpfmDlit2CNgpC0gb/wDUfzpzzzYODOV8tLJUlXgqRCNhKBI/Sk3Q5i4/xDiN0hCSlu08KPdSgeflUzxxlL2YLptSilwaA5qHlJKBA+kVhmb5WbYeMYtMgeZ/JgP3ZaSV621D5GTt8qfegmJCyzXcFprZ1pJg8KcB3E/Cm3qTh71lgn3homFvoQCN99Q/saL6M4g8M62mHuapUFqbkf8AKZ/tWuN8osWWn0tFj9frxrEMEwxaUR4NyEhPqnlVV/08wteOY59yacWhQiBp9eN6lHW1xabDBW3kn+bcLKSlUfhB/uaZuiN4bbP7Ta1HS4zBIG2oqAE/U/Wnhr0TmX+vQs63ZV/hWXVXiVpLSFJ3iCpOpI+oJ/Oov0vwVGJXTwabUQhtRVpO53AIiPcVZX2nnPu3Tlp1tKUn70ltU+hWnaoL0CeLmK4sFLCgzYqCUxBSStEz++1aVVsybuKkLsVya4bhXhPr1AyUFE7fGm1eXsTtgddqFaT/AEqkn3irafa8Verk/wClAVh1u+kFxhOodwINLjXRp8vtrRCck2K14gPvLITpAA1o7TvV+YTZ+CyltKPIANuab+mmVLO/vXlFSwm3TxyJJGxn61cAyfaFoqFukLI/GkQT8atJ1ZnyhOX8GTJyy1ei3StWlW5TO0fuKsyzSBp8se1V5hOHOYfiyFEFWlfarHs+EnvTTFk6SHJKBpoSEAqoTSNgTRiEbzFU9mV0G6JTtRakbEAUpCNuKAtO3FSMSlIjcVxKQKOWnaBQYgR3o7H0FhJnahFJiSKHpIEkUIbiqBhYRPFD0CNzFCAiRXQJ2IoQ4yAJT6V3TvQzCeBXU88U0zRNJHxDya5mNu6bdtLYqWyoOIIjZQPee1a6ynnLMttgdv8AxDDLNxbrQW4dSpEiQBxPP6e85GypjblletKcuilOkIASnvPetJZYx9zEcFYccuvEUlGk7cRt+/nXBKDeVN9GycHjqiNdWM6OPOG2dwxKVhSVJUlBBKiBKSZ2G36e9U/cYmh64HjMpQRttvvVjdR/unjKAvw66pepaJ3T6VWj7KVXA0kROx9q7NM8+0uiS4aQ6wlSUbHee4p3aIKSmCSeNqZ8LSospRq1AHsmnhlKUQN/T4VSIFDaCVQrb2iKObQmSlE7jtRSWyiRupJntR6FFJMiB2lO9MAxKQgxr1ChpSkrlRge9ErCuQAfURQgo/iiRFACgwlfl47j3rziJGqK7bqCyRp337cUaRymAY9RQAlSFKUB34M0r8jY0qEztsKLKEqO4IPtsKO8NCkyv5GJNAHY28idJ9zNdB0eVe8nmveEFQQYjtXnNQMAaiO9ABwiPKjYb11MKKiUx/y0Ft2PKDHqKEFlIgDad6ABoQtZ3kD4UJadoRtPfigI8UeYnbfaKMU4XCEBEz3oA4EkgBJOr1JpSGpA8wJiRQEwCEQf0pQltGjzKg0AILpJQhUwTxxUVxIjUtJEpj3qXXkhpYbEmNtqiuKtBTbilElemIigCKXIlZSCSP1o/DQpDkwYO0+9AebCpCvlSjD20lUDzD0HegBbfNk2xCCNXrE1HlNCY22qQXyR4RSARHFMWklwkiJpWB5CVoUCCDRzhBhKkqTNdQk6vMJE+tCeTK/Ue1MASTCRIg96UWaSXknjfuaJaTKvMk6d5mldiEi4CwfgDQBLbEJSmAnjvOxqzenDgdxJpCXCFatBB7jnaPhVZ2SQUpE6B3NWZ06UgX7KUEageNPymaAJZ1CYLzFspIBUhLYT83hWwMtIKcFw5tQ/DbN//EVknNbIuU2zOkgruGW5Hu6mte4ENWHWh7BhsD/0ipXZE+gnMSf9jUsAq0qSY9fMKz7lVku52x+3UdkLuXjPchxEVobMCQbSIP40THpqFZ/ycyF9QMygCVE3aNhxDrdW9IiO3ZqfDwThzBVyphs/+0VH8WTDhJqRWCCMPYCgAfARx/5RUfxYfzVR60ihqIrkA0MpFc+VP0F32H26BEntQLmCkwKNZTI2oF0khPFIForfPOhNu6pSdSSQmPXcVmLOTfhP3CVqkKdUqZ4BOwrTWe1+HbXK0kDwklwnn07VmbOja/vKiooUg6XNXcyJ/U1LNIlW5x1DDnCzrOrZQT6etVXjNs+mz1JQsp2hXrVqZucbZwt4rjzCNIJBme1VfmO7CLJAQ5A1xAHNTHb0WnSGWyt1aCFpkkmd+KUMSl0mSCOBFJbW4UAYPPINKWWFuOBSUwJnamShfcXBuW/CUORFEWeGkvhUxvuCn3pQbZSN0kTSuyZdWQW1gLkEbVL/AIXFKy0ekWArVipu1PLUlkrZCB31J3PHuBTf1nsEW2cre3GrUi11EK/pHlgCrZ6H4QrFbL+Mnw0MlhTakpG4UFCSfpFQDr/b2/8A4kgISVhdsQFHjhJ5+dYOTc6OyDrs50EbuLl3FHWrwpCHSFNhE6gkCB7fiNSPNd0tGaLpTZ1IlkmRH9ImgfZrw2X8eCiko8pbnkKA3k/T6VIM84O2jMF26phBCnUokHfyoH5VlOdT2ar9IhXUvEcPvMqtJt3lB1N409ojeAd/1pu6NC1d6lWRdcISLR3QQP6yRH9671OZZZy7ZuMtlK136Wlf+UpJ/tXOimEt4hnuyQ2rS+0sOJmYVBEAn0mtoL6/Uyk1F0yYdbrcou8sNrVLWi7JnufKKj2VyjCL63v241hafMBMAEGfyqx/tJZYfwywy5iaVB0sXDrSykRsqQflqj971V9k592hLhgzx6VEJW6RrlrhscevOaU45klFgbgr/wBqS4saOYIP9qhXSXMicDvL5KWFrRdbuuAA6UmNh6nYfD8qH1LP3nDGyVrhqdvY8/2qPZKdKGbiApJ1AGB2rqs4nFdWXla55sLk+GHdEGP5iNMfOpFg2N4fe6Q3cNuFRAlKhsZ4qmG3EqTqI54pWyqBqRKdAKhpJBn5VPJItYnPs2V0gatVYbc3DiU+Iq+WgnfcJSmPY81bTXhhPliIrK/RzMmP4fh6ALsv2rzSHNDw8wMCSD6/vvVy2XUI+ERc2y0kTKmzq/Wto1JGEk+VEkvo/iAEblQ3FSrD0+RI9qrXBsyM41i6WbdwqUjzaCIMTVmWKQAI4ipqjS3VMdG2zG9HIb3G9BaEj1o1KTqFN0TVhxSQBttRahNKCnyyfhRTie/rUgtCc/CggAUapM0ApBppFcl0e07c14giuwB2ru/pQxWAAI5Fd966RtXk7jc0+gAzXRvvEV0iOK53oRcK9nxDyn/D7a4bcesri4JiNAgap9flWlMjYjllWFqcYtnLYEad0cqHJA9zWe8mZmFi8yFYUt2Fkp0biI3kVovLObrW5w5CX8MhbLaZKUgAkjf868/LFymm0dFx+Ol7K66nHDXX2XWmSHE6lOyAJSSOfcVVBcQLpSrYK0qXsDVy59vcv4nrt7iydacSFNh1XZPJAHqYFU0WUW92Etzp1eXV6eldi2cDi70TXCGy9aIdIOxIJjmndKCqAAOIG3NNOEILTCUpbI1CSD2NPDKtKIUnccGtEqIDmtbY0q357UcUo5UPhQUBJSCYnn4UIp76NQ9PWmB0A7xMetdT4YPmPyrwAA0p8vtQoRB8s/AUAGIQlQhBgniaMb8p8Mn+9AZIUFJEj0FD8NIVqnfmgAyCpelKQUmhhsNbfnXWwNPmP09a9Mjn2oA6DPmG3wNeSpxUyCIroIKYkAfDmhNp1EjgcxQDBBCQrURt3FDSpoq5G/G1FqSsghCdh7c16ClO6YIoAPKFSNuPpRh+AJpOtwwlWxPqOBXfO5ulREb0AKSSEzQw6VJ8wmiRJ5mPjXg4UKiINAmBudkExv7VFsWcSNaCoAq5PpUsvDqZUYBIBIEVDsUCVF1TiQACYFAEdf0GQvn86U4dqA7RHbtRLqAQTA5kAjmjsP1FRRp8x9qBh+IrUWgArmTxvTTrAkFIk05YlqSkQngdh601BU8pO3MetAChkalaiSPiKPWB/Tt7+tFsqhI4mdxFGr1LBKTPbigDyQrjkn86U2iQXNKh5qTIUpIAUd/alVmn+aFJ5mRS6AmOHoACfKTImR3qyOnBe/iyW/EQEBIfG2+ygNP51XFmpRbRAB8o2qyun4aZxWxu1/hbdQ2tIG51ED6TTFfssHGWUP3dgyohM3TBM8x4grWuDN+HYMoIgpbSB8IEVkrNzbja2HgAC283CvX+YNq1rgaFDD7YOfiDKJ/9IqIu5URN0j2MIm1gRupI496z3kwJaz5my72BTdPICRvspxAP6VojFwDbQR/Un5eYVnvIrYVnrOyVOQPvjgSVCQAFJmtGtURF2/8A8GprZOmyY2H+5R/8RUaxUfzVSe+9Sa1//T7fVufAbn/0io3i4AdVt3pF3Q1q0xAFBInihkRvFcAnmmhN7FNunyUC5B0naj7dICN6JuiQk0hdsqzqIpw2N002iVFEmfQKFZszqgfelqSDAVoG+0AVpfqGkBh06lEhBVKdvT/Os055DguXGyVBG5242/71nkvVGyKpzqEqw1ZUClKCTI5NVZibCbm2lME+/b3q183l7+HLCFgJBOuRyj0qt8WaQ5ahtmAokT2gUR0iqbQyWlmlQAUnf1HenPDGgl+CAfT1FGM2qmrfURuBzXMIfUcQCuQjzRI3pXsEqF17ZOBe4EHvEGvWDD7dykgDncH9KcX7lDyhpiTz70K3tLhTyVIJAJkniplp7Lg1fRffQw3VtgZtS6QErdUJOwSVJI+I5/Oq96xsXL+fL1TixFqtbcTvBCVD8vSp/wBAlqs14ql9oqR4AMLHCtQAP9/lUF62Yqw91LzE20gAtuMlJUIJlpNYRkudI6tU6H37Od09b3GK2qkBKSlayqeSSkD+9WBmmwTdOqfLgUtatRB5G0f2qo+hKrr+IYs6hrUhzT4hC+INWji1y+p1PmO/MnmqzJN0PDZWfV63aVlK2bbTodOJNKG/JAMf3rvQ23cZzzYFtaitoa1Oc8qGxpd1esPvOX8OLQhQvSZHrHePnSbothJ/xxbMfelsuXKY1BM6fMP386mMuMaZeSOrRff2mLBp/I7d6HoVb3WkAJknUtBn61nhu1NzcoZQTLigkbck1fn2iHFDJGHWSrtTguL7S44E7nTG4HyqlcAtHV4oxrWAEuoWCduDsKnDFrI2x5V/qTY09Ucqi0wBu5SpSSlRCgDseJMfOo106wRV0m/QCpRStIn9/KrQ6ykDLjSPEKSq4JISBungj4SRTB0jt4t8QUpKUpcdSAI3UUiutLls45ZE4pUKlZMWhEh9YUeAW9jRDeAYnaOFJtidJ8qkmd/hVpMwQAtAO3cUqtcGtL+7tkLtUrSp1KTPYExvS4mscy0khfkS0cRgjIuGSyoAJKVJ0QRzA95BqXNJDSOTHwqzsq5Ztm8GZYB/lx5U8zt3JorG+n9k+wtbTa218pLazz2gVpxpGf1lL+lV5Fu3HOpWFtNuKSm48ZCgn+qBP9q0fYoOgGDWcch4fcYb1TwxLw1m0fuGSYgzpiY7TWlLONKZ2qYXQZFUtjk0kpE0Yk+YGvNCUewoSB5t6pmabsP2KduaKUO5o8JGnaaLWkd6QBCgJ2oESaNWiKLM00NnCDXY2r3vXhMcU7GeI7GuaQB6V3euRJ9qBgSJ5rukcxXSntXt6aKPhxlzFGbZ9m5bJUUcwPXarzy9mJLNkhC7dBHdRME1n7AVtqASGgkjykERNXBga2ThbSNKQkJA27+u9czS5Jg3UdHsy5ws7jUg2aQlskhyY1GNwRVbrvE3tyXztrJI9hSzOP3Jp9y3tXlhSlatzIiovZpWp8NtGStUcwOea2aMIt9ln4MEqYBSVDTsdSt6dGz4kJbmfrTXhYUGkDVtAk+9OiAR5wQPaqRAsaQUjTq49KN1rTAUCfekresxpkgUoA1ARyeDTAMKQR5iAK82U76d4+dc0L0wVA/OhokCEpSKABbpHlKhPy+FGpaM69UxPPeuQkgJUkT7CjNRA0g+9AByDqbmNO9ASghJJJrqCg7gb9xRqlJO/pwNqAOJChvEUYnY6jB5FAUgR5QeO9dZTqmZI9qABIUoLO4PsO9CVuoSgg+o7UENgGUElQ7R3oYB5UnagDhCSY8xA5FeKYMpHHMCukg+ZsARymKCpzSBqKQriCaBM794Xs3Eb7kCj9KVDUCARxTXcYph7ThS7fW4WnlGoT60ius3WTAAS34mrYBKt6AserhR8FYVIgHg1EcRJOoKnUNjXrrOLxeLDdujw4IKiqVGkz1wbv8AmBeyuduKAGxYUNgJ9qXYdpnWUDY70StKELhEEGlltK0+RMAe1AxPijxWdKUgAD401t+clIVHvThiigiIUJiI702awn8G+28ChCFDaNCoO/aaNJ0mJ23iuMKC0Arn410x4nlHegZ1AV/UoETS+zCS8nwlEHjbvSNKVKVpFLLNIQ8AqediO1AEusgnQgbgEQZqzenPjKvbRpLpUl+5abAKRwFCfyn6VWbSFhCPDQoVZXTJCXMeswrV/swLoAG0kgAn60mJ9FiZzSFKtmwSNTzahO4/3yd/yrWGBuarG0Uf62G1f+2slZycSGbZRXKtbYBjgeKmtW4SvRg1k4OPuzcf+kUoqnZnPoUZgcQLMxyFJI+OoVR2VGG05nzg8ERGIhvUDGxSlRq4MWuku2i/NxB/Oqmy/wDysfzPplfi4iVk+pCEf51o6ZMbTNLoSBaNEdmUf/GozikeKTM1KGgfujU8+Ej/AONRjFBLqhE1Pop7GsgCTXgJoSgIAriRJgVRPQsYACKIuwNB2pQwPJFE3QBSTFJhH+lWdRClNlcKUjhPr2kTWa87BvxlLBHngGtJ9Rv/ANMv1lUK8IwD7kf2NZrzsps3ikrOtSY0gccTUSNkVnmVr7xZvMJI/mIIMjvVcY1hzluppKjp9Zq08U0FJBQNvrUEzaPEShCY2O/rWadGkXqiP3yyLMBuAR2JpuwtRbvEvK3WlUzSu4eShjQpsmO/ekFm6lL6ttiNqtAyUktuEOGU780c1fuawwgkDjUKa0BZSncwd5pbb26VAgfiPBmN6l0Ee9l/9B1Ym9Y3j12QtVwpKW5V5tAiCar/AKuB5fUTMFyu2lDy7ffT3DYTM/Kr4+yr/D8R6boVeIC7xu7Fs64oAHTJjf2k/vmlurbLtln7HMPLupu2cCJPf0/vXPktSR14qlFpCroA2hs4344hKTzxOqI/SphmDE04biBQEhbZcbAB7gwDv8zUe+zvat3CMxLc06C6JgiRASBsPieacc12yVZsubJx9Xgt3TKEgKnkAiiSuaNoQfFpEj6tZew62yxau2baElu+aDoUZMKT2mo30lsbRefLJrXClLTpIPHmH9yKkPWdbjOS2LkPOQ5ibZJI3iP9ahPSd1x7qdhwZXq1J1Kjt/MRvSS+9kcnHDTLg+0lbIw/Itg82srW3fpIVG4OtIO3zqjbHFV2t2HEuEFKwT5Qdp3q7/tHYZf32TWXrW6UUsXpUpKuFJMH6yPzPxrOrS3W3AXAnfzbGaMbuemGXeJUgXVXNYxFVtbpUuU6iU8CDEH47frQem+ZrWytFm4S60VqOkoGrUoevpUczoQ+tktomRyDvA7UPLrRtLdAWUJKtyK6v4cXF1aL0w3M1ldNpcS+1B7KWAofEVNcrXNrc4pZS4UAPJUDsUkzxtWemnETGhJHwqd9NrnEBiZZw+6cSGglZQTKUknYx+/0gUrZpFJO2zcOAv2q7ZCrdaCg/h09hTliLyEWqjPbtVRYRm7E8Oab+8WjbpTAUGiQVCBxJ24p1xTqRbN4U44pp1hekyXdOlO45M1u2quzNRakmxBgzTDucnL9LACzcqcUsncHUAfymros0gpEfGs35GzbbX2bGgFhxy5fLJAO4H4pj4jvWk7FIKExEEA81mloububHJlPlo1CfMKCzxFGp/F8KbIsNiEiKJWmKU7adqIcBJqSghQPNFnelChtBorSDxT6GBCU9zXoihaCNya5sOaT/QLQEjavT2iunbeuSKZRw/GuACu13YUxJnwcwFbqmm18aTJ9YmrjwN11OGNlaCExq396pvAHFKbhBExzGwq98JDRwdlSkA/ygQI4EVhLbSH/APXsqnNoAu1O+ICHCpMA/h+NR+yeUHSErgDkjmpJna0U1iD60LLiFI16iIKZ7bVF8MU4i51JcjQZmJnetWYVRbGDKCrNpaT/AECCO4p5ZUFjZII3mdqZsDcBt0LEFRTuQnt8Kd2y2uVpUSfhTWkSK0ECQgHf09aUNtwnVIE78b0nbCUAKEkfCjWxuYJg0wDC2Ed5kUJGo7g/lxQCmVc80ah0gFMHTvzQB0BIWAmJ7k8UekoMhUAgdhzSYLKVFWnnj4V1eIWKE/zHEAjmDJoAVIEE6a6VBRhR/tTO/mPC2daS+4AggEpRM023GcmEFKbdlSwFbaTurbv6UASxTifwkxHrQS8035vGCYEkHmKgV1mfFnFyyoN9wo7n4U2uYniFwpan7tetWyldoHagWyw7rMmE2qVLcuglSRukCTTbcZvaQSlhgrbMecnceu1QlKkl1Sp1yZNGFQ5A9aAokD2cMQe16EpbJI0nuBTW9it7ceIX7la/FO/pFI0wsbDzDk10gpV8e/agZ0rBVIgbRxQSDOx3HeuFCZJkgnuK8kgKOs0ACSqTBmT39aeGFKTbAFsQgbGO9M6VpSsEJ3FPzeldqFIiBQAkV5jIHwFONopeiAiDG+1JEITOyJNO1u2240UkEKG/FK7AYsV1alAET324pvbcUgEQPpTnjMhUcDgGOabEp0jafjQAqZWlX4xBG0AUNzzboNFMkA6tU0YtRKthzxTAObVpOpJhXeldoApxPiGSTtA4pI02tZlMGPzpVZoWLlDahsD8JoAm9khfgoBckAbGrF6bpCcWt3HCdNwktKAiAAZE/Sq6w5c26EjcpEQasTp06lWO4a0UgAvyVR2HY0mQ3onOey2i3tGgPMsIKSf/APsgH6SK1zlNIcwDDdQBm2QfqKx31JV4P8NcO5CVGYni4Z9q2Dklwf4YwpRIn7uB9KzUrdCk9JsTZssW7fD3VMICSdJj/qFUpl910ZixZ5yQh64M7/1akpn6Crxzm6hdg4dZASE/PzCqVwnw/wCKXitSiTcHeNzLpn+351ojLn90jUbYm2bIOxaQfyqMYns6dqk9v/8AkGPVLKB/7RUbxQkuHbvVIbGlSRQQdoBoxUCRH1oISJ+dMBfagJRuKT3kaVRSi3SSnbiir1ICD8KQJJlUdQ0KNheKCdR8IqHudqzRm5aPvq0p3Uo7E8ER2+Faaz6VFpQTqkrHzEzWZc3uaL4JIO/iEbe/E1nM2iqVFdZk8Vq2cdQjVO21V3iy3HLgKKCAobzVn4woPKCQBtMz3qv87MJtLu3W0vZxomIiN6ha7N49EexO0Ui2DnA9SKaGUJQqSOd+KeXLp5+3LYUJjbamltpZchcyDVRIbbY6ovEi3CYKiBAHtRuG36EvQ64pLW8wmTSd2zSu21BUK7URbhba9Piceg3oddDSpmuPswraayhfG3kk3KHQFGO8cf6f2qqeqmLs4hnrHrrSAQ/oAP8AVG8n6/lU7+zBYa8BxS8UotKS+luVGUnzDt2P9jVd9W2LXDs84pavBwr8cFpR7g+bf61ztNM6IPgmiTfZuWtDeakaZDlywpMGYBBB+HFGZkubheeLjSFebFLdJA/qA0gfpTn9mmydVgmMX4Qs/frtKRt5QlBgfDvSPGXF3Ge799SFFLWMNpCBydBSPziidKSOjHNuLLE65NWLnTllxpB/nYjboT7bAn9Krbou5b2vVzDEOIchdssI0iQF+IiJ/f6VKup96gZJbYuVO26bi+QsI0yNe5gfKq0yHiDtp1Nwb7tfuMuuB1KFJTO4IUNjseNx7mittmMrUUjRvWnFnsHwOytnGEOpvHFkJcRIKhp29jv+96z4xhKbm90hjylZKUpP4R2A+FXD1yzDdYhhGCh1xIYQshZUiHC8Akn9Dv8A5mquy7dFy8UXCICpE1lji1k/hpnVYk0R/NGWGbS4T4Xn8kgK5k02O5dd+6h4FII5TB2p16mX77jyVYcUILSFJUqNwRuCPzqrbvPucLloYZc4ghtKD+O3bKFq9CTP6RXZT9HKm5Ki3GsmYmxgqb8PMuGCspBny7cfUVZnQfKtzdG6xlyEteOW1qESQEiAneJkn97VmK2zznTAsOct8EzE+WXCVqYuk+KiTEjfcD/M8VavRz7UKMtYTdYRmLBUpWFFxtaQAhbkglRAIAG/+Ubg1FbIk2lTNNt5hwRWL/4eSpX3wJKggpk7cj85+B+NM2fcSs7WyTZPjUbxtWlEcwRzVP5N6q3d71FGaMRtYt7iUNMpc1aA5AWqD7JG+/8A1cVLs75kw3GMVbvrQrUym3U0lK9lI3Ecd9qcuh475aI3lbMNtZ5rwzHLJcNs3aWnEzpCQ4QnUfYVvLLt8xiOGW15brSpC0DdJlMgbwe9fOxNnbp8VtnZJkpA2g9uK2L9mPMK8Z6et27jmtVisNJ24ECR9ZqcfVF519+V9l3sfhij0CVcURbGE8UqQN+KtmaDSkFMiiVD1pSYgUS5Ssd/sTrGxosxuCKNVz8faiyCDqin2NAe1ciBuOKEZ3JNcmTvSY7Akz2rhE9q6qAdq5udqfQbA717Sa7EcGug7iqQ1o+CuCXT2nwVJQBAAVHrV+YPd2ysFYSPOlphLah6kDeqzyxhmAi5ZSfDbSuYUdzV/wCXcm5c/hKB/E0v6xIUNKSnbuJ+P1FcfyJzSo0fFRaM9Z0umXLofd2VoQkFI22VUZsX/CfALaVKJ/qVAFWbnjJ+DWtw8U4mFwVFEKB1HVvHt/n8Krm6YtrS40MOawmCTzNdHZzyapIsrA3Et2TagmRpAVBmndhST/MSnb9ahOFZiYZtEMeZUEkDTEGjnMx3pBRbrCJSYUd+/aqWkZk8FwltsayUxvv6UEYrZMp1F1BJEwDUAcxi/eIQ9clR9uOKKeutSNKknUrykTtTAmtznDDUgJaXrcOxCRxSB3N126sISw0yBwoGdRBqLJXohKAkye1GoVqXq0xQA73OPYg8ohx9STqJSUiNqb13L6wUPOrUTvJ2NAcUFEqNBkIG3J5oDo4pbi1J0rVt2n1oYKgDpSR2O1BH8szIIPeuuOqnSgxPM0ACbWk7Ek/oKMKknUFKk+9JUkoGyonega5MK3j2oAUlQQTB59q8l5Qkkyf70XIKYBH+VebRPaBFAByHVJlQH9zRjbinBx+VFJASogDcfShNKKSRoJoAMOpPYn2rhVtMbevNCkc7n0rpEIJP50AcShJUngfKpNYoBs0g6YCTEVG7ZrUqBwfapSwGk2bYTJKRE8TSvdAJ9IA83l+AinSwaSpOrgmeaalCVEOGJpzsy2hPMA7zB3FFANGYhoe8MpO5kK7U0JUAOAR8KeMbcBcKCVGBAJ3pkCFBXJNFAKkFtQ8ogR86GYglXFEtAnft6UcolUp+kjamAaypQEJmDvzzS201rdCisiDSNps+HHNKLaEKCjEg7UCsmlipQSk6SNqsfpwfFxyx0hU+OUH0iJ/tVd2yyEIBSBIG8VYfTh1KMdwtCnSVPOrb078xsaCW9aJh1WQlKcN2khpZmP8A+9n/ACrUjOMrwHp81i7KQfumHB4JPBMCst9UlqQxhwXJhC9ux/ntb1q3L9jZYrkbDrG+a8W3ubBKFpkiQQPTcVitZSZbjsYrXN5zVlo3q2g25q8J1KFbEiDsfSCP9OKg+FkJvrgr1JKnQdvdzYVMLXKFrlLCriys7h24bU6XQXORwAPkAB/pFRK0W25iNywvYJcBSZ9F7Vpdkxjb5Gn2E/7EzA4ZR/8AEVGcRJLivjUkt1BNkzOx8FEj/pFRzE4LhPvWiZLQ1Lia62JJiurA49aC2dJIoDTHG2HlJpPeBQSqfSlFtuiZoi9MoUSKBdFTdQ3Shh4oSdRQQD/zbf51mnNbo++utISdLa1AzvKjv/etMZ/IFq+5q0+ElRPvxFZkzWpCb51ATyQsko3USKyktm8LIRiz7TaSVNSmqwz5fWqsaZU0ISm3hSSZ3mrHzGNSdLYO6Y0gSTvVW5jZQrEVJWhaXUpCSlXao12ap0hFb3DL6QEncCgLaV4syee1JlNLaalAii7fEAlWlwSJ7CaZI9XPiNMhv8Mjcn0ppQ2UOmVkpO5ExTjeuNu26VNuKgAbCmlDqi7pSkhQIA25NV/yXHvRqj7LS0XuUMTQy5503zepPcbxVc9WVXuIZwxG9vGPPbPLZniIPlP0irI+y3ht23lS+U/bO26rq5S4hSkRr8wEj8j8x32qu+ry1/46xxRKkpL5jfZUJAP5iud7mqOqFNNyJl9l/M1xhtrf4Fdta7Nl8rdfOykf1wBwdzH9uRS67Va3mdsVuUhTKLnEk3DGtO0wkiR8ag3RrEbmwfxZS0HwX0p8NRTIKpjjvtP1pZaYviCs2IuXnTrF3qKVcEJPpSyRtjh9YtosDrRcrORWF3DCHvExBg+MkmZg8D981TWRXb1rqPl15KFEC4WmDyJq2eqeNOXeUGbZ1kHxL1ta1JTIGnfYdv371WmSLq0b6kYCtL2lIuQSAnneI/Pf4Gqg7dDqSx7Rd/XnQ7gOGXKNi1fqXzykwD+oqlncQftypy0KtgeOauDrlcaGcEYjU2u4uCZHcadP6/lVb4Jh7NxegaJVOqB2qMaubsM0qxr2QDEcSfvn1oWpxwxBC6j7GXb3ErpT1pZLWkGFKA2EVoHNFjhlxh+h22bDgghwNgKEe9ByRlDCMay9iBu7FsP/AHlbSFAEEjQIMfGf3z02zl9WUBjmXb5jDF3zduVttjU6EndIHJiojh+KON/y5KmVyVE1pm4yVcWmCu3lm+xiAUrS5bhISS2TBj1iRWaLyybssaxPDyXEMs3TrcQSYJlIHyIp7TBpNWuy6MtYe6cOs320qQ40AEuDmfUVNxdrI8NxJUsp323O1MWTb3BbzL9rc4RdFcQlYeUEq8SBqGntVl5Nye5nvMRwa2fTZXP3VS0K8PUFqSRsSDtsaUnSsrE6djJlPKONY/iU2uHPLYRP81JBSVQCAPr+Y9auT7N+OXGXc73eVH2tLd9qWEr5SsQNP03H9xU26X9PsWyrY3OGYu4y7LiVNqbjYRB/fx9YqTL6M4O5nG3z1a3t1a36FJU4hO6HCO5HYkc/6JhY3tS9GmVqSp9lrW0HYDilQBB4pLZpI3PeloB1A1q9nMgZBiiVCeaUr3TJohW1IpbCVgDtRXbfijliilbncUxgY9tjQVDv6UOB2oC/KN6TGBMb0E0NIGkmeaBTHZw8c10EVyu00NHxFy/l+9uLrwrRt5YKZ1JVAB7VfmUcqF2ybTdKUDoTCVpI3I7KHzqocmJzC1fNs2Vsp9la0IWQJ0gnsfX9+9atwJl6xy7b3N9byptkuKJEkgcGe1cHy3k4m0+McekZYz3gDDNzdfdsZS4tC1oDCp1qAMc9uKrO5sza3CkLQrSO5PNXB1Ux/LVnirrNtaOpu3FlxSUgeUHjV8iD7ge1VfcYpaXxU246AtO/4Ymuw42FWyQpAUj5GKXSkIBBOqm9pYCSEzz3FGl1axyRHECqJFiVAEKUqDRpe1JkwT8OKRpKlJGr6zXgpQGkRPO3FACtL/mmCfXejEOrKiN+NhSZt2BrgEChoWFHypIHNABzlwtRHnj04riVKJ8qyong0UoAK3WN/TajUNJbXqC5KgeDtQAdqCJUpW1eKtfmmZ7igg+GSogEHk0ILChq0QDt8aAOlSgIAoKCsq0kbdpr0AiY57zRag4iE6gkK7igBUEqTIo6UaOPlyaTNFSUkRPud66lxQmRJ4FAB6QpRASD60eCOUneNyO9Jm3FJMfnRmtMd/TagA1Qd20jnk80alvaFHgc+tFBAgKVsQZ3NHIXqBPpSYBjAQXAmOTOxqTNNqFoC5pEiBtxUdt4LwAIA3AqSKH+yoCFEg7yaAEXhSogEETsZpwsmllKkg6tt99hSJCFgwk8ng06WqfDQJBnk0IBlxZnw5OmCeSTsaZUo1A6af8AG3SpQEaUpJg+tMwQDuJPf0FMSOMQVgHaOTRqnEKVImBPAriUg7kDf2oLqmwNIIkelK9jYoQsAR9DR1sVF5KlgkAzSNKkoblRB/KjWHkakqUtLYnlaoFCET6xdQllCViYSBE1PMh3TCL9i4WQpdu8jSQeNR2qisxZ0vMEtW1YW7auOzJUVBYAA4imD/xkxE2z/hMs/eEBJUtlamTIMjuQoD0pmTU6qJsrq2623bWYQ6J8NakyoDVqW2dp+Hata5UKRlDCNHAs0J/IV8gr/wC01m99TacUwlm6SwUkKKytQAMx79/r7yNl9E//AKgnRvFsrW9lmzHf4Nilmjwn2nmyErUO6Pb+8j3VCh9xOVRpmqMYKfuziXVAJgEkmNpqqcMdbeubtxLiFOtu+C5BJ0HXMH5AVVPVf7dGQVsO4PlW7aeddCSm5UtPhrQSJgapnY7/ADHEHNeF/bF6hZcxi8ubLD7bE7G4RDaHUGW1Tz+I6tu/0IB0jSkhRb7ij7GsvIXaNKBmWk7+vlFR3EVy6qOJr56dO/8A6pWLYTjNrgvUvJgby+pCWTe2iFlbBH9S9RMj1PPfeTGtMl/aU6L9SrC3xHLmf8IP3lsLLLtylDifWUkzzIiJkRTreiXJ9MsdW53G1cBIMVFLjqp0ytLhNpe9QsDYeX+FLl2hM/U0/WmI2GJNJucLxGzvGTw4w+haT8wabtCVdj7abpNEXp0pUf1rtqt0IJLSv1pNeXCdBBO9If8ACqc/6lW7rSFQt0pRPaJE1mvMykqu1vElRIiZ4AMVo7Plw2htx5IA0khKie5E/wCVZrzChJdABIIEqBFZTOiHRDsWfDbqVaFGfSq5zs8hzGnXA2UpW2iCR6D/ADqzbgMquUJeb1CRzUK6u4c3aYtZLQwgNPWBIAMecK/1FZUk0aKqK4vLhZQoJVCeJFMbb8P+aTB2A+NLHCSVpcSQN+/FNaBFxJVInb3rVdkkxcSCwkgRIn4UqwRDT10lDi9BglJSmZI7UytPeK2CnYdxTzgYQXtCLpTToQSgx3qZ2ommO70a5+zuHP8ABSbRfioQhTLjJWNvOSo/kR9ap/rJhrqM/wCYFfeFLZC0KbiPKCmSPrNaL+zpaWzmQ7ZlyXHErbblQ3AKY/zrPPV99DGecYs0jzKU8kk/iGkwk/SuZ7pm8LpqIzdM/vP3G60BSg2+W1Eb8gED86OwLFE2+d7Fq+bUpCr0trneEmRJ9txQejhX90xFbilKZcvgnQUcqCUiZ+cUw3F6bHNi7x9tYTZ34KyIJVMAmfiatSjycS3CSjaLyz5YWRwhtp2zPhPPaG1aoIIE8VXGUsLsmuouBsOt/wC9uFeYQFE9gD23qxesGJN/4Yw68TKCcVbkR/Spqq4yo+x/4h5dubl9Q0XcoKRtqkQD7Vmo/YG5KFo0X19yth1hkm3xJyxM2940wyErUC3q0iSZlUmP/ae0msunmUl4tjJYQ2CtIHmK5gTvt32P/fir++0PhqMR6bXKVBRSL22eJT/SBpIJ9pA+tVj0hSLbOykukaHbeEqHO0j+4qsUayCyS/0Jklufs2u4+nW9msW506klpgkA+4Kt6iGI9OMz9Obw4c9fpv7C4Mt3CEhtRMb+UE9o/cTqPCFtm3TqIBI+dQLrApAtsO8NWpTz60LCT/SBqj23g11yjqznxy3T6Mo5ixTM2X7K4srZgoWpetKnNwoTwPj/AJ1RGP2mILxy5xC6aJevFpWuE+XVpA4+QNb2y507wXPTN2zi9uFIYWEBYV5kkj0+n72NN9Z/s94zkiy/xDhSTiFrbuSpDa/M2gcEk/vjjaYlcVZWp2l2VdkLK5efQ6ywpIbTKy0TC1H1mtG/Z4xG8tOqNlgl8hSkusPKbcUmDBA8v7/PtVeWs0t4VYoYt8GbIgFvzwCTyTFWP0izMq76w5bdvLFth1wuI1IWSlQjiTQpWxRtJ2bFbtEtKHx9KeUJJQCBSFW6yAP6qdbdMNARtTiqFN2KLSeKVgbzOwpJb7GliTJ3rX0Qg0xpiiFCj+1ELk81LGmELHvRapjbtRqxsYNF95Oxp9jQETvQSgk+1DUQK5HvtSKAexrhTJ24oShvMUEyB6UABKdI2rw7b1zbvNdAk81SGrR8V8hZzfwy7YVhuJlt8LSUGAQojeFTsBWiWOpd3jWXVFd5bW7q0aHEtsbBJjUmZ3nffn498l5LdsXFNJDLrj5XxsAQa0RhOV8RTgLFzcJSHFJLhb1gjR249q4ahHLtbZpJKUbKizmLK9xe+fbJeClhKFnulIAB/KoBeWwYfI5FT3NuV8RY+8KZSpTbX83Vr0ykngetQG5RcNqCXSVAd66vZzNCm1Wnw0qSNgO9KgrUOQSIOwpFbKKU6YgUpSkKgBKj61ZIepJVudj6RvQ2tITGkb+m1FBICzMwOKGkqA1J3HvQAOdMECBRkqiT8/eiRDo3/P1oSAoqk7RxvzQAdCSgEAA/GhNjUnYx677RQUgEbqAI9aG0vSDAmDJFAHdcOBCvMPWjivfSoUEOo4CeaGEwJ0kTvuaAPIWOOSOJryiAe2/1ovfUdJJ9ZrqkKUN1CT3jigAaCokap+VGqiISnfse9FMt6EklU+/vQ+dh3oA6kkApPbjehpKxt6+9AAIMxPtFGCB3JPf2oAMS4SIUf86MK1CNHHNEqIUQQIo1tcmJj3NJqwFLKlFUnvUsw9IVbhKmySRyoVEmFJ1gTwQZPepZYXBDAQ6omJAJoqgBrbKFynYelKC45o2iDyQOKJXcCYVsN4oxtwEExA44ooBjxcuh0hRBSE02IVtAAO+3rTljqyHikAgR6c0zeYmQaYugVzchpsrV6bUwNY94dxC5CNZBkUbmDF7ews1KUsFUwkKG2qq0cv3n3FOuvKJUSrY7fCgEWHjGbbK1tyWlJWsgkCZ8vqKhV9mDErpWlV6vw9yB8aavEgyN9o3rgIOwoBKg0XLoUSXXCDyCqukLdGyZM1yE6BI45ryXgk7j6UDPa1p/FXQ3aP8A++ZQrf8A4QD9aCshwyI+u9cLTqDukjagB6tba1W0AxaIEcbTFBeSWgmVGUnaklleXFm5qIISedqeG8Uw25CfHbSmdiSmgBpNyoyl6FoO0KEg0nRY4f4qX7bxbV5MwthZbUARESPaPoKX4mxh0h2yXKVdgdhTbrU2rcfCgBwXh6L1CWrzFMSuUp2HjXa1kfMmac8GvM3ZZebeyn1CzBhSUGUtN37hb+GgmKYmr5aTseeRFKhiCYCVCFflTsVJls5W+0h9pLKiFJwfq/f3Hn1paviXUD2AJ45/fFk4N9vn7UjDQZvTl7EkoEKUbcIUfiazvhaGb0BkvEGI27UNu1u8OuiHFT3CknkTtT5Ni4r9GjHft19QLhejO/Tpi7tjspVncJKk+4Bj9fyp5supmV8/n+IYDdwpSE67Z0aHUHvKZPw+VZiVevqQfEQFqk/MUjZvXsPvG8QsH3bS5QZC0bavY+o+NZyVsaSXRpvFr5gONLQtIB4g7neoj1RvkX/8LeS6XFtpdaWPQQDJqEYV1IecbaRizDiw0oanUrBJB5OkCn7Hr23xthq4tXUuIKdSFJI327xWfGikQhy4Q6VJUz6iRtSH7ofxgKAB7inNppaXSlxA/saNC2yooISrnarv9A69CZhx1CISQBxxUtyJhwxrGm7Fy6jWNcACYTBNRFWnxShaSkTt2qc9MrW2GNLcYV4NyloBLxO+53qZNqNsvG2nZur7OLNjbZLQy8D4yrxP9PYbTNZh62YetvqrmV0oUWXruGFHuAkao+e/zrR/RNVyxl+6sL9w73etvcfgUkfTfVWU+o95ijuecdbu8RcWll8raC1EwCBq553E/P2gcqd0kdeO1bLB+zy3YsYdijDrKUupe07wZCiJI+Ufvmus7YWmxzZjeGWaSSzioQyCJnWUqSIPxFSPofiTPiYk799hYQlsI35VuT+Q/OmDMmI2j3Uu6Dz7ylO44wkEgQoJ0A7/ACJrRRqVjk+MWi3et2WHbDIVniFy+uGH7ZS2wJl3SkTMf8w+M9tqqrJVuq46kYFaOvQhFyl+NMgwof5/vtdn2jsTS1kSzCUkziLMj/ihtH96pLppetu9WsETdpSNaV8Hk6kn+1TC/kr0TKKWJSNx9ZsJP/h/iLDlyGm1FgFY/pAI59qzzgD9xgmYEPFSLjQkslaV7BKoM+vatG/aAuvuPS3GbluClBtxuOApSUgx86yxlXGba6zAzgd44lH3gKRarCZCnE/0k/8Alk/L6N68ikQ6eGy+sIz1eNWCGjahzTtrKiSfqag3VLOd885bNeGEIcKvDSsDStSQDIUDI2PH/en+2sk4bhd7f3bT3h4a0p55DYBUUJEkidvzqHXf+GesOSG81dPsVcfXYrUtdq83oeSqN0KQd0k+h4ggiRXVO2qXZlhS5Ll0PfQzO/3DEbq1xEoaYukpREE+dPeeY3j9wJt1VzHY4hlPGMJbSp7XarLhSBAABMfH9/Gg8h5qwi2xyzbvXwzKvDVIhOqd0qPHaryusqv31pqS8w4zdtlSVBUpWk+ihztSjPnCmEqxZPqZTy5lzN2Ot29pl/CTduNNjxSp0JSkQOZ37jt3HrVj5NyB1JyPmfAs25jYtxZMXYBaQskoCxBMR6xv8J52k3SbCMWy7n+4y+u2m1xBtZKRy2ECU7d9hG3qPUgXhi+XL2/wJ9hKCtSm9SPNvq7fufnUxhq0OacpUy0LS9ReMMXKIh5pDgMcggGn1n/dj0quOnd3ePZesmb5HhvWyRbqRP4QkAD8v2Kse2kNAR2q4u9ktUhWyBGwpQgQaJZIo9I3mrf7M3sOOwohwxNHnYSaIWO/ealopBKvhRRg9qMXtvQCUxQMCR6UHjvNdMTXtuIpjAEzzXIBFCUNtq4J32pUOwJTFBHOwoRX6V5PE0xnwjyjhiL24bbUlSi4UgJBjk+taktcs49b4Aw5qBQpqSnxpj0Ht8Ky1ki6XbXzbxSVhuDAMaTOxmtb4HjzRy5aJfAUn7qiCDq1Ej/OuWTfyJJmjr4+iouoFmtzAnWPE8F1K0K3Ikf8tVRd4e+iVOny8fHarF6pFFy7cXbT7lsXFCExKVKA3qsn7m6CdIuFweQTM1ucz0jzaR+FKdxSpoSDOkR3pLbFbiNzsONtyaNExFWSKdIKDxPb2rnmT5ex3IigpcOoBW1GqEbqO3EUAdQdW8UMT6/OivF0mEjncUaNShPYbUAdB3KjufjQxoc2QkpPaKLKhO0yfehiUiSDv3jY0ACQkDZO2+596NUolIAVKhxFEpIJgGhtyVQRx6igAxmRJI3NCDmoadPfvQCSVaCofIV0lbZmZHAoAMCynY8KoWqPNH0ouFOeYEEesb0JSSnYGgAclRHpXtUKkcGgFakkbUIa1KlO3qKADkLbETv86N1IB8qYO/ek4GjdREn50NKpM0hOxY0klW58w71LLZ7WyErQIABqJWypcQD/AFHuakzDksSY2Haihhq3FAhAAI/OlKCQ3rmOab2wVq8RKZ/tSsOlKPOASPT4UwGjGpWuQo+8mmG+vUWVut1UANpKlbTtTpiqyHVFQ0zuUioZmrExbWbnhvIUVAgoB59jQJkOzJjjuJXBTrOjYpgbbetM+szXlK1kkjkzBrwQee0UDDACoQBvRjSd9KhRTZI3A9qXJZS8nWhUKG+29AAFoKkFIMHtSJWoHzU4OaBECCOaSOsKc8zR1e3egAoKMzS1p0up0K5pBKkqPl45mhh0FQIMUALvMkysEjj1o0uNkSEQT7UnavVJICwFCj21NL3KgJ7RxQASoalSNvhQiwSkpggc0cfDOxEH/i7UvaZZCJP8wEbewoAZ/C0nzAjuKVM2aLvy6w37kTTq0MObbJdSFCNwRXDZ4cD94tLspAk+GojegBvdt8WwlSbhK1tpBhLk7KFOtnmN55Xh3rQIJELTufnQm8Yt0tG3ui240kQQrfag2L2FJuw24iW1mAoGOfWgBwTc2jslETE7iJpUWrG6b0vpkT+JOxpmxLDFsurftHg4yVSADumibbFVtp8G4QqO5B3oAU3toq0/mWFyFpHZX+VOWC44lu1DTjYZWCRpbTsR60x3t0haEuMKncgyN6IavvCOqPl60ATNDjzw8UOSFGiHVuMk6fKo94pqtMVStP8AKcCT3HpSwXxUQHQSPX0pUgPLuX1HU4QI5qxOhdq3jOcX7ZxYUlu2gJWeVqIiPmKrp5vxiFNkGamvSxaMKx1V67cKYUUoUlwH+pKpHxqJxTTRUbukbw6YXQXhSkLRHgvhpZA522/Oayn1HvsNxB7M4cw9k3NveveHceYLSoR5efaP2a1f0Nx9rGcHdTe2SEutPoS662nSHVETMfv9RWO+rF7Z3GdsyGzt0oZVizxUE+mlIE/MGuTh9lZ1Qb469D90FSwtnHFBJ8Q3TLe/dJSmYH0qJXz6F54VcJUoBnMQKk8aYciKmf2d7d563xt1sax4rKdCgRuCN99u4qMY7a2jObL58gltGOKcegwY8WT8PjW9faxxdwcUXh9oTErTFci4WptBbV/GWZMbx4YHED0H7E1R+Sm2T1by0NRHhXRUCJESQk8eyjVt9frm3/w/hDNigA3V4XEBPMISIP51UeSVpa6k4LeuLEpuACDG/mBMd+1Tjlyk2HKsVfw+g32im/C6Q4wdAdDpt0x80kH6xWLrTEraxxPCsScbLX3K5bdJR7citfdfcbU10mvXG0BSbpdqghX/AO3MHVWRcUtDi3irs8OWt5SNZatkE8DcgD5fUetTN1lsuCvCo0aHZ6kZUYZefxTFGGbPELRZb1SPFCkkQNt/hv7T3y90yzRjfSrG2McwXDfv2GXMW+I2IX/M8NJhKkEnTsBxxx22o7JN3mNNpcZZxPAsTdbRJti/aOeIgcwCR+9/gJNh+V8Qs2WrzEsFvWLd1wpSpTCtz+/p3rSWRfkZQxtJxGR2/tsUzJdYwbJbFhfX3jFh07obURIPPHPJg/WrKwLPiuj+OW2BZhv3bjJ+YlOJaS4So4e8kJGpKiZ0wfwjjeOKjmI5NvXbhDSGFW7dxphTiSNyedvh++as7qF0pF/k+zwvEboMOouUrQ4lkOALIEjeNj6d42I5qXm+NWVPF8s1RP8AJGB2n8aax2yuxdNpQk21wlesOtLHGrvxVpqYU7bFIPbes9/Zww/Gck32M5BxhbirVsJvLGd0QTB0ngbRsONwNhA0VZuSADG9aRyKatGcoShJ2M2Trxf8Ses3EwpJ1beoIB/tVo2xHhggfGar+1wBFvmFvFbZxQSUqStEmPMRJ/L99p7aToT71UDObt2hezB4FKUwDFEMCdxR6RFa+iAwxFFLE0ZtEelFuT2NIYnX6UWU+9GLotZgUDQDaYrxIr0E7965E80AmeKhQVKERXTsIG9BIG570FHDp5NcnYbV477RXBMQTQv6NHwsybal1zw1KSoLKUbLA5NarwLLGIJy822y1b+G0nSkBYIIAk8VkbK2lt9u4uEFKGt1LUYT7TWu8u4wpzLdrbW9otsBKgsoSd1TuB+XyiuLJG8qaOqbaxbKY6jWOLm4urW6sEEW4KmwFboPqfeqtukQsgkKVxAq9874pasXBU7YLLqm9GsoMkdpmqix25srl1amWfDJP4VN6TNdMW+qOGQzMBSEAkb/AKUamFK1Ab+lFxzFDQRsNQ1dprQgOkcK39/Q1weUwmTzNcWFBW5G/p2oaZbSSUb+lAAkCQdQn4GhpBQZkwfegpWFI4gH25rqJ07jj2oA8VJ21AH0rxV3BFFvAqHqR6cUK2KgmSaAFDQKk7iD9dqOaCQqFkb+24pOFAbDmjUJSpGoyPf1oANUooVKgADwKEmHhG4j1ojSgHzqke1CBbPBVHoKADoKPKVSfU14uJSkGCJ24muI8wk79655CShcUAGgT3rk6TsIPc+tBSA35dYI7V1UK5PwoANQEkeaaE35VjuKLBJA1ERQir+nvQAutilbyQEiR3FSZuRbQQAY2qKWBIdiTMT8KkCXiWR5t49aTAXW6lQUgATzR3iJSDwT222ptYuFBcKIJ96VgJI1LWAKOwI5mG4ZaUpwpcWUfiI7VUWYcTNzfrCValAmdogdgasTOeIKY8VLIRClbrB5EelVO6oF1fEKUd6YkEkKK9RUd6MAIEjcGjEs6xsY9ZryklrYigYJopGyhQypSCfDWQJ4FEpVvRyXEBO6JNAHQ8ZIVuKN0slOttwJUfekq1JJMbD3oTZQkyoEigAS2NRMqBNFeApSgACZMUoQ80JBBEcb0oauUAgwO8UAJxhV4E6y3AHEnegCxvlp1N2zpExMQDTu3dsrMLX3mKXDEWVoDSFkJG0cfSgCOqt7plKQ4CJ7TRlst1B5IjbmpGU2rg1qb47elJHLRtSiltOkEz70AKbYWVxbeYHWB5gd4pK7hDLkuNqT8xvXU2C0ghCjJHrEUB1t5GySZ4MKoAQ3DHh7RAogEJgatpk0a6xc61LUhUd6CloqAUUwO1AD5YPXfha0+ZHBjfairkMOrK/wKUdxHek1ncOWnlSs6TyDuK7euoJ8UbTyBQAiuXfBe8MKBHrRRcCz5D8+aFdw6nUP6aRlCk9jQA4NvluCnY+vrT5h+Jouwbd5KdYTsRyTUUDq4A1Hb3o1DpRC9SkqH4SnagCYuKFuPIZUPpUr6aY1bnGCzdMqdXphKSoaSnvtUAZxFN60C4mFpHal+FYi1ht4nEm3PDWyD50iT8h61MlY066Po99nvEbe6wN121UlTRfbE8TyJj4gisi50Uheb8zI0xrxFWoj1G1X/wDZezlgWKZOXb4bizLtwx4arhvVC0GDIIPufrt3E57zMFtZtx/xUhRVfKUCDzO9c7SWQ6cUnxZZ/wBnCxfVheMNtAKSvEmgfNulOhG4+dRfFWWX80Yw1cJAV/EnQuO/m2qwPs3JP8MxRzQhKDiLQTHcQme3t+VRxzL7t5mzFLhtCVG4xB13STGwVH9qqX1qzSNOMv2IuqF649hmW1lQ/kl9oEn/AJEx+lV7l5S05ywN9KwVi8T5fcyPnzU66t2rtqnAmlo0j+eogn+owB+VQfKLZdzphCPDMtvhwwPQwP1ohXZjKNKmbk6240l7pO+h5gFNwi2SFT+Few/vVVdEAh/Pi7EpCotUjzbjadyKlfVK7cxTpJcvIJKWE26wkjuCAf0qHfZ9f1dTLkrV5jh4Uk/Pc/pWMopzdm9pYKRqGy1FlKVIQdiPwid6OuLG3vLf7rdNJW2PwiI0nsRHei7NZCBI+NKxKvWubk60VCNMjt705wbFsLGG3L1x5HA429MuCDIE96d8Zwi1xGwVZ3rZUiBBB0mQIBkU9WzcI3NJ77ZtQgGk26o2i6aoiuDWDNrftlElTKC2kk8Anf8ASprZrIIkmonhjmq/WI2HrUos1HWKvG3DROWPK7JJaIBgnepJaBPhpEVHLFyNJNSG1XKQRXo43fZ586Qva24o/VHFENb80cRWzM07DABHyopYO80aDtRa+PWpGghUUSsSaOXBoo70DASa5vXSY2oJmNqCqOzvBoCjJroUY3FcBB7UD0B3OxNeB80CuTJ2716dwaaBM+JXTzL9xe31qp5hkMBakOBwghUiACD7/wBq2tlhkYblqxs4ahTIC0tEEbzHA43/AD96xRlWwxUuIdS6PCSiSFLgSO5HetaYFhuYWMqofTdMKZS0ISHZAKdlR8/7xzv5L3m2zqz8fiUkVl1Eu8VxN121tcFfdQlBQlaU+ZQCvLCu/f8Ac1TeZsNxO3QPveEXDAIkqU3vzVr5lzJjzb101ZqQlTRUgJ161CDsfpVa41mvMrqFM3TTCkzusAzvOxk816G7OOX6og4GmRBG9GJbKoOqPcVx1zWoqg6prqDPIG1aozDTKTtqjtNc8xmN42ro5H8vY0IqMEJTsdvSKAPICNHmXND0iJBEx9aAjRuSnejUt6jJVAmgACW1Az2NGANpOopOoiPahglKhI1DmO1dc0q/FBI7igALYnbmeIoxtsAylRk9iJoLYAMASO0UboBTAUKAAuIWpcbnehISdRBjbaYrratGwTtOxPFe3QSqBB780AD/AN2YDfNeCUHzFB23M1wKCyFDc+npXipalgFPlB3Ec0ACGnY6d+K8laVK0JBgHmeaGtGoSBAPpXEMT+HmgAQ3iBvQ0EE+Y79tqCltaRIHHrQg3MwKAFNqQXANvT3p+QlPhyoFJ9KYGGAClfedxFPzCUltAJ3CeZoAANKlCFb8bUtKS2yVK3kQaStJQXhG4B3ih4pdotLRbqnFp0pnYTApAVR1DvCblNuylxGhehRO2oVClmSZPJp7zXiRvscu1C4U4gqCgOw2pjVpMR6d6aAPaXpETvM0Nzzn8RJ9aSgkfCjWnQhRSrg80AcEjyxHyoYECOfejShtwakkgjkVxCRsDtQAmVAO9GIdABBo9doSTBSqPQ0Q5aqRJmRQB7yjzCa6l3TyR9KAUKHNeSCeRtQAeHT6nn1oaXVpMzRSW1qICU0sbsXIGtJBPFAB1vibqBpUNQn0p5sLlp+EON6ZO5jiicMwYuugLQCgCVVJLTLqFaVbgp4ERNK0VxYAWFuoFSRI7DfekD+HuAlSjE8xUyt8DVGnSN9oml1vlbx1hKdwYB1cVDyIpYpVZWr2GuKRqCFKBnikysPcVslBMdgJq4GsgPkkMeGqPMQdwPie1KLfpheoSh+4wp3ZRUlSFhQIPfbtUSzxTo6I+HN9lGOtpZWUEFJncHai1uIVIAPwmrqxbp1hd0oKetCXo32IUB6gVWOYMmYrlqHH7V5doVBKXSEyJ9QDI37/AA9RVRyxboyy+PPF2iMqUEq4j12rhGozG3MUY+CVEJABEgxRCSUGCSJrUwAeHJ8pP0rwacOwSZHNLbZQSsjQkj1Io1byEghDaQTyQKAErLLyAHoIjbf0pfZ3UugGIV60StcthJED1otpuFSgn1HegCeZIv7nA8XTfYLiDlm46lTbqUKIS4lXMj97VYysOQW9cqWpwlxayolSlHckk7k+9VbkuU4oyh/UsL2BHY+tWa6b1spbSAsHk+grLIkXBu6Ly6D4Ky3lp25t71aFXT+uCRzJER2iD+4pHZXzCMxupdUytJu3AFKVGnen37OtpcXOVVeI2hZtXtlRASA4RP5j9aiNzgdw1j9+CxqQL50pgRpGoxIPtFc041JX0d+JpxYHrWyHk5eUEIUkLuAongbCqqy44WM42H3ZSgULKtMcpHO9Tnqs3eGxw9LlypaVvFSUzwIgiopkrDhdZvsEqCdRWkFR3CUkwf7VUY8bdmOVOjXfUmyZPRXFFsuqS63htuqQe8eb+9Vn9nIB/P4uUuAFGGlKkg8yJ/tV1Zqyo6vpViNm3cF0rw4uuahwQO29UV9nhl/Dc/MrKx/tFigDb02/Q/lUNxtjd/F9f/7o1rZkeGBFLUEyIpFaARCeJpcgRHFcyVGkG2xytz5PekuIbtkdopWyk+HMRtSLEVQyv4UPWzXHt0RjCpF+6BBAkH61KrNUKFRDCllOIOEbzP0mpjaaVEHilGtDydskVooGIqRWYPhgz2qN2ikgJ9aktn/uUgntXqYnaPNmOTJEUaFQYpOxMUfCprdmS0HHdM0UswPejSfJRCye9SUFKoo7UY4YNFkzQVYDneuKMV4TXljaaBgJEe9cKoMAcVwKg7106ewo7AD8K4NzArpivCAQapIaPjVkCyxb73YlVmw406QJWdwjuI7mtO+G9heQHbdK0IcaZW5+ONlrmQf/AC1mrpql1zELFs4sEtG4aV5oBCdUKgntEz8a1/iOE4IvLTlu85qbDeklWxKZ/CY49j8Oe/mRinn2bZ9YopmOMVJtLt5x648VxS1SoL3I7VEcXxhp4llsK2O8iAKsrM+D5adxLELdlvytXK221tqlOgbJA9gP3tVeZgwDCLQreQ+6kkySV+X5Cu50ns5X0RsOLWrTqEg0qbJSJSrjmRzSVQCCUJkx39aMaUUwqd/hVkikPEq0kes1zxVKEfh2igbLUI3n05owhGktoG/60ACTqUISoEgUY206Bvx6mi0NqTtwaOlUASSPjQAMFUaYJA/KjElKEynn3oqClP4wZoaQY1KICT3NAAwBEjyg+/NGFskAhyfeiUkA7GUzQvEWkwEmfSKAOqWpJ8JQEjcgdq9GkgEiCYPpQfG31ETQ2wpzzHYUAHJS3HkHNCS2dyR+dcSoDYJ4FGNncgGlYAoCeSB67UKEGI2onURPlnfvRrUncRNMAYCVEDYUPSUrCfjvXEJC5KiPWaMREEqJPf40CDEJ2BJkinuxb1WyyraNuJFMqePKJFPds6W7UgIEc80DAMFKHVAmORxTLnK7QzZhAQtWokkpGwA5mnW1Ur7xK9XPBpLme3Re2D9qQUpeaUg6R5gT6Gl7AovE7gXd07dBCUazsBxApuCjPJHwpyxaydsLpy1WgjQYCSQfnSBIJMqFMD2sjbmODXUkqTzuNqLWCFRsB2roJBkUAHpWpPCjIowvqVyASO4FJkkkQNz70JCT3JoAPS+d9yKN8cLEE7jvScIPAG9CSkg70AGwVcHj3oxFstZG3NEpBJBCTvT7Y4dc+H4mkxExE0m6GlYQxakIhQKTPenSxtFOqSFjUJ9PypRhmA4hi65t7V1emJ0CCB6781PsJ6ZZkWoG4w1bDWkaFxt8+4rOWaMdWdWLxck2rQ0YXhqWwC3yePepThuFqVpU6Bv+GTUwwDpZcOFK2StZTAhaNp7kEc1YGDdLgyErXbJKiI8wnf8AtXFLPb0d/wDiJK2V5huBu3y0shvYmCYgA/KppgnTxSmgXhqBVqkd0/GrFwfptasEOoShtwkH1iDU6wfKVswkDWVqAOxSBWDySbtGkMXqtFdYTkjD7Qgs2oSVJCVkb66ev8LIIKQy0UxGkiB71YKsAU35g2JjgUTcWadB1oIVWc5W7OmOJUUhmnIpZK72yYmTJQN/gAeaqDOOB3t027aNWi0lZ0rSU1rS8s9SSmJHcVE8VynZu61llJ1CD5ayU+MrY54eaMC5qyriWA3Wu7tHUtOmEKI2P+lR5VotRlKZ7wK23m3JmH4lh7lpdWja0x5dQmPSs2ZqyQrB71wITKATCtvrXq+P5ayvizxvL8N4PsuiuA08lI8n1FeQkqUARPzp3xEMto2QARtMUzqXJOnf5V2nACet1rTKVAkbxQ7bW0opVzPNEFbs7k/CjG3FBYK0n996ALH6Q5XOcMyvseI4UWDYWtDcAmT69h71aOJ4YixcVbW5dQG5RC9yD8arXotn2z6dZmfusVs3V2mLtfd3H24JZkjzbj29D69oNp5kzJhuPY1e4jhmtdopSRbrKdJPl38vbesJpuX8Nsetov7oBatW2Sm7lKyToLbqZ82oKBJpmzHZs3eYL7EbeUofdBEH/lEn6zSLoXfITlS+btrh5SWLkAhXMlMke3NP7ptVOeHpEkyCR+VcuWNtUdCboqXrWx90t8uOlUh1VwkJnuAk/wCtRPIYnN2GFalJhwlW8CAD+/lU+652DqrLLydM6btxSTAPl0GajGRLL7xjSrdzSkoa1JURBEmCfhBrWCpbJm3Ru++slN5TdKFShWEhSgfTwxWdeltk1h/UC2ZB1oh5pAngBY+m36Vo3E20uZXcet7goSjDArSPQNxFZk6dXLg6hYNdoUoB125KgONJ/wBRUTSUky4usL5GnsOJA06gQCRTkkGaZMKeESTvO9SO3CXEiAKw7KqhQ0f5XIpJfz4ZHrS3TpG/FIr8pU0pPY7GlJaNIKyF4K4pWJLQobpB395qbWWqBJqB4ItX8Xd1fiSVpI/6ufyqeWJ4qIaVGuTbdD/YgykVKLNQ8MT6VGLJQKkiDUhtiUgRXpYOrPLydjtbyBSgGktuZgUpJI9K6mZ2HTCdqTunejpGmTRTkEbVILYnUfSi1/CjFzO1FnekMD864fYUIGgqM8Uyv6gAkcUEmaEUlO80E0x9no2oE710k96CTQg2z4qZEWm6xqytLi4cbZJCkxt5wQR8tvj6VqHOOZGFYGtzDluOJdSnQEJO4A7Csi5JaXiGJWLdzduNJRcIKVEbEjkH1BrRGYLt3DMLQ1bYmVPyUJKkbK2mI7Vx1WazTJLlBIrLE8Zt7fEFtOJDZWokt6Ig96j+YLxnELRy1S2kpO4OiIj3oOMv4o/iZcv1+sEJjb3Pem7EHHEtHw3DpCTNbSi7MHXEYkwZgDQNh70NOkphW5mk7AdSQHFyT3JpQ2U7yJPbtWpAYpISR4Y3HeaMZ1SZ3T/f40EEEAEbDmO9CQ0qQpKhFABhAcOpJmKMTsJVx7V7ZBHPvtQXFhBB5n8qAOwmJVNdglPG1BaAUSCoe1CT3C9wPSgAQIQNKufjQ9cJSjYg70SoklKZ+o4obZghJB+IFABykoCggJmJoTatyJ25ii0rVrInYmZ4o1sJVuARBoAGvyjYTO4ihaSk6jtPtQdB1atRoQ3T2oAMTAEEzNGAjUNjA7UQhRmAaNBgFKd6ADgoE7SABQ1biSIJoDaTBWpZoaDq7QewPegDts6EuaEqO/epNZJQ5bJlskHeQJqOMNJ17d/bipVY+GbXwQlKQgbR60AJAylL42nvtRWJ+EllWoEQI96PYQpdwUKUIBiaIxtLaAf6hEAaeKBFI5yKlY2+4tASlUBA7kDvUeLgVxJPpUrzvaxcJdCQFqM+g01FIKTECKARxcETEkUEIUTsOK9oMkk7HnelLDalqASKBnGrZSgdIiKW29iVbqUN+x70ssMPW+4hCW1qKjvCZkelWVlTps7elL94QwkHTJOqRP5GKzyZFBWb4sPyPZWTdmyPKVpIH9I5FOFrlq6vjFnYlatikA7R7mtO5cyJgbSUxhtspKZSlJZSokeuqp7h2TMFKQDg1ppIgBKCmB8q4JebJPSPSx/+PhJWZEwnprmJ15sP4BcBtRhamiFkD2irIwDo/wDyrct4VfvPawFG4cKAkf8AFA22rTOFZOwpkBLVkhtO0BE7VLMMyzbsHxkI86gRJPasM3lzkvro7MXhY8atFKZd6Zrw5CBd2VqlJSBCEzG29WPhGFJtwkNNgQI4qU3OEIb20/KjLPDwDBAFcTcn9pM6FjSVUF2luRClpBIMzFOTaCsgpERvSxnDYSCE7U6WOEaxsitlbQ+MVtjS0wtJmKcLVSkGSKf2MvlYnRSr/DqgmdG1JKXotSg9MZhckJ3ApJdKbdBlI+VPj2EBCTsaaLyzUgGKmVlRjFdDI8wNRPamu+aEGQKen21JBmma/cKZqGXwSRCcwWaVBUDY1SXUXLSHWlvNQFQd4/Kr3xc6kqkVVPUB7TarQEg8yavDfNUcnlJPG9GXsasEJuFA9jHzpCzgD7o1t6oJ/pE1Jsx2SVPLLSQCZMD1ppscUesHRbueZMwR3mvoo9Hysu9EdvLR1p7wgghQO49PjRjLRMJUnenTH9NzdJumkhAUjzD1IojBlFNwC42FSd5HaqEPWC2jctu3iJQkyduKsywZtvuSBaLKml7idiPaoUl6xdSG7ZsJCjvFSnDLddtZpE6CROlWwqJl4026RePQFLzeX8abM7XiAmRzqT/pT+xfpdccQTBS7oEq3BKoFNvQRX37LuJWDX+8tbpkqUP6tQMR8xSC5vvEzE0w0kNn+LIYWBvw5zXNlTtNHRHcWn2Snrbkl1jC8Lvb57+Vbu+AytEAlxcEiPTf97Gq16f2YazmhF4nUypkoWsggABQPy4q4vtFYk+3l/B2FObLxYrUR/yI2qmsp4m8vOVsz4pSkrSpYImQFCotyk16Kf8A8aZujEcNsLjJ10i1uENJucOLba9UAakwPhvtWVOlbrqeouHWT6NIYU81HP4XAD9a01fWrjPS92zW6oBWDhIWJGnUNjtvtPas29PsDusB6mYFhdy6FgK8NLqTIW2oakq42O3pRl+zGl/qa7NKYcxJJkjc81JLRBQAB+tR5pam1qEcKM0/YcorSFGudX7LrWxeRtvvTdfp/lqCeTxTiseXnamu+1eGpU8ChtdsvH+yFZfdUvF3wpopBQsnaNwoVObKZFRXDWQMVWocEH9eKllp5SAKUbqjbJ3aH6xlK0796k7I8ogVFrMbpM1KbXdtJ9q9LB+J5eXTHG2nalMyKTWwmlITBEmuh7Mge2iKLXtxRqYI2FFvHbepGhOuKKI1CBRi96KIgmKB0cEfKvQDXFHvM1ySflSY+jigfei4NCJPE0HkUylo4TQYBrpjiuCAeaa2JHxCyNbMrxXDmDqKDdIWuN9I/wC8VpLqfl+0scvOYjaKU392eAX/AMOkjn9KoTp4lVziLDKIQk6SpIUCoiQa0d1Ys2LjJF/Dy0iUqO+5AEzFcUbeYvK3GEWZux9a1XCVrXACRG+42pvVdMLYIbUZiaTYrcpv1h5palJPqCCO3FAt27ZNvDiFAx3PNdEl+jFu0NTyNLqgFEQZ/OvBcqAG3tQFbKVKTzsZrocA2SDP61aJD9axIED5UNm4KNjQEplOo7zxXEpUlcyARvvT6AWKcnfufWvHceZBE0FtSFgEjijCQUiN9qACx5DCQI+NGFRiTJA9qBqGjTuO01xJMaSYnb4UAdghQIO1KS1CdjJHvt8qJSmBpVx32obavDIO/wAqABA6YCtjSltwECeDtxScElRUrc95HFeSTq06tp7CBQAqebKuFwO8CvSQQmNq8CopAPzrikqHJ4E8UCsNbKdUnvtzRqVJRvAIogEr5296PQrQPwz7zxQMNbdnbejIKjIn4Un1EEnSPWjWlCSSKBf0Ntl+C9KUyr5bVKbR0OW+tQ0giRUWbS2XQVD6c1JbUp+7pCUgCNvWgZ5sBLmxojGlBTWkiXNj8qMaUpD0kBSZpNjRJTqSmAUxx/egRXua7A3uHXBS2orQPKU9gDVar8vmUqR6+tXI6NikRKtpjmqwzVaMW2MPJt2i2F76QIA9aXYIafxDnn0p0we0U+6nQgneJ/vTc0gSBEVJsOUi0aBbV6HyimMl+CKw/BWmlOIbW6gEnVyfhU7wLPWHKbCVOCG41eXcH0iqXW9iL69SbC5ck8homj238aSJt8HugoSZS2Soe8VDhF9miySXRqLAM1WDz6LcHwnSdgtQ3ETNWHgmKtvNhQ1FPI24rEtljeIMu63MKugVGCsoXAUP78VKsO6q5gwVTb4unlBEJ0aTsB7GubJ4sZbR1YfNlDTNs2WLMIhOtO3O9S3D79lbU6ueKxtgX2kHLhwC9w/Uk7El4Nj5iDNXNknqrZYwlAV/IW4d0QVBJ7b1w5PGnDbPUxebGei5L25QR2omxukB0BStpqJnMDbxgO/Wj7K/C16go1ytJujsU+RZ9rcs6BMQadba5ZRGgiq5bxhSEDzmR70F7NItUla3YgTM1rBNIzm4ouWyxS3KQCU05pxG1LRJI25rNWKdZMIy+A7iGJqt0q2TpbKyfkN496jmJ/aby6lUWuNuLAg63VBtPuIO/wCldWNN6aOHLmjDZp+/xO0GpRUkb0yXlyhwGGlFPqBtWU8Z+1q7aPradRbBoiULa1FSh8YMGoniH2q3nVKcbuLxlC4lQuVKKj/5SPjWjwctUZvzeKTRrm/W22YWQJ7A70wXpSuYE1mGz+0Lj1+FOYXme3Kx+K3u2EpXHtxNT3KHXK0vym0x1ICg4UrcjSVCPxIA5Fc+TxJLZ1YvPU3xZN8XT+IARVS9SGFIsFPidpBgVblzeWGKsl/Drpq4bjltQJHxFQ/MeFJxKxeYSjXrSQAPWueMXCSOmeVZIOJkPFcWKLlwESASKjVxfh+58VYjeZFPWdMNcwjHbyxPCVlSfdJPNR5LaSNU178HyimfLTVSaH27Tb3FglbS/MkTvz8KaWUrBC0SN6VMvoFvomCBtFBt0BToQnudhVEk/wCkuBvZjzO1hbeFC5LiCEFStISsbzJ22Hz9KsDFsPS2X7K8s/BcbUUQofQg+lMXQFF43mV69YAW3ZNuOrSNlJKkaJ9/xfuanWdr1V5cC4WsKWDpVPsKymnaKg6dllfZcYSvAMSQW5Um6abO3YOE/oahrF7YHN9yi5WoFOPLKCngw53+lTv7NthfN5TXe2xSUXl+tR83BBMD9/3qs2LAKzNeOKdBLWKvOCT/AFFR296xm7aTZvjX1ky6/tHYbbKyZhd34iVf/dWQPcKbGo/rWfMJu28KzfZXCnISt4MhSvRRH+lXT1gxhN/kjBLB65SUh5DqfLJJCYB+W9UE9b/eMyYci48xF+ypOk7SFT+gohXN0Um3BI+h2IOJxDpdcG0ZX4n8HCUpI3UpKRxWdci4x/Fs/ZW1SsBzVqUBqJQI0/mauXCcWvVdPlLaW4CMOuFJJgwQVQPh7e9Zz6MYi9e9RcquOoTMqXpEwVFQB+v7FTlVySKg38TNeiwCVrkf1Hf50ts0+F5QJFGhIJJgfiPyo1LQG9c9fsta0CWvy0230qbMelOCtwQe1Nt5q0qFROJti2R6wBOIr83E8jmpTbCCDUXslEYmoHjfepRbOBRECkotIub9IfbHfTpFSi0kNJHtUYw9UKSIqU2pHhjbtXpeP+J5mbsX2570o5pMwYpQk11GIcICRRTnmFGEQn86IWY2qRoJWY2orbuaMcmIosid6RS2A4MGuKJHFCV+dBgkd57UxrYD41zf611UjmuSCN6Q9nDQTXSTXJkVSGfGTppiDOC3lqmG9RTstbUlR9NqvLNGKePhb7N3p8N1g6xEbR2+FZ26bjH05iwxNp4a1uPbF1IISNBn8p571onqDhgayw5ijAKXo0htJCkmUztXDB/7+LLzVwi0ZzxG9ZQ4GsPwxDbDeydSTJHb4U2X2JjwtBt9J5kDaafMbuljU+4QVzBHG/wqMXdy662UrUCZmRXS+znESVkklWwO/tRydJ/Cdhzt3oq3kyFHbsKPSgAQJj3qxHQFGIUB8RQ1JgiDM+ldWypKNRgH8640ooOqAaABAlEQo+9HyCI/qI9eaTrWFq1k6YHfelSDIA3iPSgAolfiAaZHpRwQPSgqJ1gFQFGQI3PPvxQB47xsAKG3qSraPai/KRCiKGFJCYPmPaDQAYVJMBSdhPlncVwqH4Qdq8hStQUpJM/nXUiFakgR7mgA1LqiPNAEbQK6DJEwRzNc8x3M+selDAgxIg0AdC9RgcijZMRI2okwhQVG9HIBX+ISfbigAczsdj8KOQJmOBRYa29D2nvXDqSqIoFQrbUQQTvUitVaWNWxBEgVGrZYCgIM+sVJrU/yAYTI7xFJ2BxtKi5qmAaSYu4YKXFQPjtSwEJJIj0O9NWLhxwTMjvFMYxLUUlRKZG5FV/npKjijCgISURM8mp1d3KGGVOO6glIPAmoti1onHQhCPIUmUqVyBQAw4Jg7t8+lTyQhgb65qxbBjD22vu9vaNFI2KlCZFM1vaC0ZSy2lMhIClDvThbOltGlIipY0TvBm2HFNm5hxtAggcH0qcYbheXr4BNxhyHFQROogiqhs8ZcYCW0GfNwae2Mx4giEG+cQJmUGCDXPPHJu4s7YPFX2RYGLdN7S8aU5h+I3jaiZS04oeGPhtUBxbKGI4eC3cWjZSJGsbg77T+VPFhnG/YSDc394+DyPF3I+FTDAMfyfmEDD8ZxJxlDhCXEuPltUQTsYiZj97UoOcPyJlCL6KftsmYPi1yi3xFx7DzpIQ41AAVPJHpRP3fMfTG+tUYi+q6w+6IDN6ypWkK7JUD3/7+lWdnfp9ZYYfvmXcVdcZVJCXVhaY5EKA/f0mDYtiz91hFxgl/puGVJlIVyhaeCDXRSyKmc0ZODtFw5Jzq3j1k2tb6XHUxMk7iYEH19qszDluFxCEAmTFY4ydmy/y7coS1blam1BSEAkKKQOPf41o/J/2hclYeQMcynmVVwkJKzaWiHUHbndcnf9favLyePJS0tHuYsyceRaV83cW9r4ukjy6v3+VVDnPP67IPDXoAEAkbfnU9xTr101zPglxY2V/fYRcvIV4beLWf3fSRwTuQN+B3FZ7zv4eL3D9xbXfjsB4hGiYkbd+01cMD5fbowz53OL4kUzJnnEcRunFNPrW4UlCQgcDsahlzhuYcdd13Noq4VAHiujSNuJipexh1tbr8RTaVLPBNONq2hawnUYntXoRSSPLcm9EMs8lZlc0pZFm0N4KnDp57CnLD+kud8ZuQ3a32FuuK3DYS6oj6J+P0q5Mm4bgqLtl2+snXdJkAIkT8/wB/30Fg2ZMMsrNDy2nbZhQTBSxIE7bgCal5HdGixejHdl9nvqndPoZaVgCXXZCA+663PeNRSAOPXtT0ro51zyo2l3Fsq/frcK2cwu7buiD28iDqj5VsxOPYVituE2WI210lR/ChQmf/AC8zTDiVrYuKJZUpl5Hm1IXBqVnj7NP8aUXaM3ZXxXERdt26DeWN5bkFSHULaUSOygQJHb/Krbw3FFX7CTdJCHkjz6RsfcUozG4tVqprESq6aT/+4RLqZ9DUXwXEkPXKWwSElehJI5rDNGM4XE7cE3fGRUX2isoKtbhrMNs0oNO7OOBEpSeACe01RiQoAntW18+YC1mbKt5g6rkMqUkrSrTqBgHaPfj5msWLtXrS6urG4ADlo+phUbSU9/earw5fXicPlw45LXsG0FPJ0p2UB3HNLsLK2Vq8REzxI4pPZShRSTIVsAN4pd4gZSpwtqWrhCUiSpR4FdpyF2fZzwnGrs45mPDkMv2i0G0KNUL1CCT9Nvl7ilWaluLceeZUpI8VyEzsSPf0q0vszZEu8r9Nku4ittLuIvu3waUgpdblJ/lrBHw+naQKqfFrpN3btoSnQA+6FEcQVmsZNuVG+NJKzRf2Tm7e/wCmS1F9YdTfa1A/0koIPymqrsbJbecLi1/3ixjgRqV6l0TUt6BW/wDDcoLNtfuN3H3hxPlVI0qmDp4PA3jvUSy5irF5nK0dchbrmKOPOpCv6gVH+1c87U1RtCvjf9Jv19RYWmBYe2GVJuUXjhbUkeWBAKT9Z+U9qoLCFO3OP4e3bqB8G7Q4QrckhUVobrRd2z2WsLbuUS47eOPpMbDSkSD8ZFZ20fw/MLd3bQS28ojTtsR3qsdq2K7ikzbmTrnEmMkLOJNBCPurxT3BSUncc7T+96onpG41adScqtKGzzjqR2I0kH+xq6sg4r/Gej9vffiBw64bX2hQEwfQ7/WqE6W3Rc6mZNeUgkG7fSTEFJCTsR24g0S3JAvwN0IjUodwrejtW0RvQVgJccgR5ieKDrlUTXLL8io/ZnnVaE7U2Xi/5ZNOD6topqvCQkjtUzOnHpDLapi+JPO9SezSNo4qMWhSb+O4JqUWYgiKFtF5HsfbEbpFSizH8tPfaorYnzgTUstD/LSB6V6Xjr6nl5XbFrJ9RShJ4FJ2h3pQmuky/oafwiiHB3o4EkRRLhqHYBDm4oB3BB4oSzJmgEk0FJAZ2iuKJG1dkTvXDBA33oKAkj0oFdPPNcgd6A2cNcrx2rlNDPidkDK+PYwplSbkBIGvUTumdhA5PwrTuJZdxY4Azh+J3TTii2mSFk+bTsZ71lLAcSuMNu7W9tLtaXFOttko7AmI2+dbAxG3ev8ALKb5FxoQbcO+YztEfHmuKFrN9jXK08akjMue8ruWF94KbhoqSCSgGCmOx9agl2wtAI2kDepZnNLaMTJXeFbiNSCJJg9z8aib3mKiSTI5Peuqjle9iVmSdlR8qUiUyDJpO2keIRERxShH4tMSPjVCBhwkAEmPevKIiQT8K4QNXlSTPIFCCDMBBnmDQBxtKIl0yD2o9kiYGwjvRR8PVJMD60alSAnSBPoZoAEV+YpFCUFFW5VA9DzQAEKMyCfjzRyYQB/agAGlR9gKElBICjMetDOlUQCPnXNEJiTvvNAAvMnaY+dCCFKTOoGuIGpQBG9GTBOkyB60AGNawk6yNvrRiElYkp4O0UBMFMhPG29DbUpsyo8GgA24ZWylIdQQSJ39K4gwkHmhPXC3wArtxQWtiCBxQIOCzGxAI+tB8QCd64sHclW/bvRZiDuNu1AIV2riUuAqJIPpUkaeIZAUYChx6VErFX+0Abg9gJ5qTpUS0lSuSN6Bi1gNFMqVsOKacdbCRKXJSffenNHhBIhU9hTTj5bQEgIAUrgg80AR+6Zbum1srBIPBFMKmnLZ8NaQYMCKkKzG8QR3qPqM4wlpx0BTjo44j0pN0NKx5tcLfeRqSme0RHzoNzhd4yNWkwBNSjD0NspBEAHkUG/caUiAd/es+bs3WJSjaII66/bqISjf0JpRZ3V29CVKgD0M0tvLNaytwgK7+8Ult2ghzywAnczV6MaaDncSurbzocTv2UJmijiD10lXi6QdQUI9RRz9nc360t2Vm9cO8BtlOpR+XNct8HxZtcvYDiaAJnVar3/KnVhbWx9y6vHLpX3W3vrwoO5bU4SiPh86BibD9m8oLUQvjzJPJqQZRxdy1Q7bLwVbYEedxtSFH4TQc0oF6yX3mlwk7R60VQm2+yLYMziGY8xYdggd8H71cJQHW0Sv4T22mtcZS6AZGOHWysUwlV3cIQD968ZaFqUDuSkGOf33ND9DstW2JZiucULS1XFi+2hrf8KFJJJ+cR/2rZeX0vpt0pcaKR23nbmvI8vI1kaPpvA8dPCrKH6odPV5aSt/Df5+GglbjD/nU3JACkqO/rt9Kp95lcKtbVADJMgAcVrjqLhov8LvGHEbON6ZjgVnHD8LtW7tbSnJW2Sj5gxWvizc7s5vLhHHpkBxCwetRqfbKE9p2mklrdFlettJVHFWRi2EX1wFtfczcQCQEJn6VFW8HucPeLV1hjrKVchaYNd6aZ5M8UoCO0z5iWHupSGy4hPYKgzU2wXr3ilm0LJWEhxGyTrZQDHP4viT+5qvMdwh23ufHYZUu2WNlISSUn0NDwvCbzFHk2tmwsqkblBAA9zTcUzNScdlno6kZTxZSDfYNiFk6CP5zOwTv6pM0+jM2N2KXLjA8yW+JWZBgOEOLSJ45mfjUGxLKrGE2TY1LkJEmKRYLhR+/gWza/FUYBRPPvFZPHBKjqjkyZKZbVnmZzEgRcpAUR/wxSF21bs7wXTCdIJmEjilGF5bvkoS482dSkzNL8cwi7tcLLzT3gOnypUBuDWCcLqJ0cZY2pDuwx4oZC0KShQkKKSAoRvvWMupODGwzvib6Z03Lvikdk7ACPpWj8f6o5sweyVhGKYBYXTNxszif3hzxWFEBP4fwA+w+PrVe9SMinN7CMdwS7S3ioa/mMObouCPQ9if7/CjBinjlcjm8nNDL0ilbNibgeaB3p8RYlVzh7bBJWu8aiOdlCmBl9xp1xN0yq3fZV4bzbmxQqp/0twe7zJmK2X9wN7ZIWGiW3dBQ5Pr7gHccH4GO5vVnEbXxG5XhvT9l62KkOJwxpWqPMFEElXuIO/xrM2bFM2zDe+sOhR1D/iO529e9bNzflTC8O6Vu3j9i6Db4a0US5qKVKTpAn03HyjnecT50buUWuH2b1utopWXGnJkLTEGuNt8zsxLW+i0ekr1vb5EOJW5h5XiIcUBGrQmQB8NR/YqA9PVp/xdg1x4pKvvLqnUkkEyFSPlNTTpKG3MjO2yTCkXT5SFdx4YM/pVXZVxI2GYsKvlKhRuHR6gFYUBPzIqo6lTM5JtaNDdR7G0ucHw9m4ecCQ+tLS0gQFFAJB+QrPd6o4LmXw23dZZu0JXr32MTI+BrQvWNTFhlbBnbdKEE4m34gHcqYBPx3ms64gybvNLzz6VeG/dNkQNyAUgVO1NnRCP1tv0bu6QW9piXTyz8O0ZbbeecCkpTCSdPp6cfID559wW3S31ds3G0tt/dsecbASIEQQeKv8A+z0bdXTy1bbcWUt3CUwrj8IE/rVNYjhKsH6lLuCU+Jb5hhcHlK1CPyNKduSvonHJfGzYToAUuANvSkeo66XOo0rWAR60hIhXrXPLUqHjegL6yeZpuuxqBnmKcHzJpvuYVIpN7N4MZ7TbEP8ASpRZ+WKitukjE9QVIqUW3A3mktmuXY+2UEgxUps1ANJqK4cAIM1JbUnQPSvTw6ieRk7HVozR4MCkrBIjeaUbzFb2ZhxPkmiVHVO+9GkQnfvRC+akpBZEUWYj0oZM70AqB70DCyT6UEmKGogztRZ5oHRyvHYTXthzQSaBnj61ya5J7iuHczNUhrs+G+XA0MWwppaVKt13jRWkd9xAHzrZDF/a3+U0NMNqDbliWwlSIIKR2H/mFY1y2LhOI4eW0hzwXkO6VEeaDIitcsC+bwq1YNupPgsJQogAgiJn864XH/cn/DZuKwJezMWbTZpx67WLRUuBJUSnbVG5qO3Nw14ZGiD7U+Z8tr7D8wXVvdrA1+dMGQQeI96jCmXFjVqjea63s4/4dQifMU88b0cEEnynfiiQlRUAVbAetHp8xJ7imALUofy/TfbvXCrzSZ39KE0QFeby+5rso1TyJ+E0AdDJ06oM+hoaENGJ5Paa6XkqBGk71xkoTMGSdztxQAchpqeOJ3FDUhATCTv6UWTEJUeaNJQeNiKABBlQglW/MRxQFHUoeUCBQm1EHc/OukgTEEneYoA6BBGox70NACjHM0AefSCoECAAaG2UoBUQB6ACgBREJEJiK8nSYBE+tA8dKgQNorqVjuRJHrQAaUbBSUiPjQm5SoSNj3ooLBHczwaObII0+vrQAJakgSE/nzSYrMmdpoxZCREg0n0latUjSD60ALbAqDqFITJnepICpz+WkjT3qM2ZCnQRvB7VKLQtlkagdRTvBgTQANDiEoCQB5e9NOLqbKNMyRChI49adl6AIAmaY8YWEqCTwRt680ANzgRoMq+RHNQnEcRcRiqShRQUqACzt3qbrKVIAAPm29KgGLW8Yk8y2paiHAPN+KkCLZwewuMV3ZUUpSkaiEkyqOPjU5wjpqLhQF+264VCQJgH03ojpDdsXlmbfRLlu4lRSraEqH+YNXRh1olagvXJrhz5pQdI9fxfHtWQJjpNht0ltLwdSEJ3SYIj40J/o5hLjSGWARsdkW6QD7GTvVqpQNI2+FBWsAeYTXP88u7O/wDxYz/JFZZd6P2treFx20QhufxNnS4DEeU9tqdrnprl+1SCpm/kdxdqE/rU2ZxBtpR1Ck17eC4kEkJNa4/KktM55+FDldFe4nku2t0hyxfeUEDh9wK557CqwzS6ht0WVstayV6NCEyVGeABzzVz5qxJi2wy4ab3W42pAk+oqJdMMrWuJ467e4lubFCHAFp1BZV5eDXS86ULOPH4XPI16Jh0K6eX+C2TN3fWwTduOF64UlwyBBToII5iPy+A0RhmGpabAbTCRxTTlyxbS0lCW9EcBIqfYZg1y+1qbZVpHJivKlCWaXJn00UsMFHpEOzRgouLBxQQSdME+grKmbsOfwvMj7Vu2paFFK0aBuSrttW4Li0Q00tt5AIIIIIrOfUHCbXAc/W2KOW2uyS8y4tQSSNMmUkfv5iujDeNnkeficlZBsDwfGrm2DisPuZUJENKj23pRjGScfxq3/l4Nd+IUadSm1T7cVo60+6XzSV2ygGXfOjSIISeAY9qfMJDlgoKacgcxzXfFqzilaitbMO3GROrOE3M2WTbu/b5CmVaI+OqKcMMt+rxeXap6Z4/qWYJKAoE8AzO+36/GvoNh+INYg2EqflYEkQJpd/D3h5m3QJ9EgGteKkjmeV3tIwC7056rY+FIdyhesKmCHNyfoKkWQ+mmb8IvXrfGcBetHVIBaeea8sg8TyNp9t/jW03rO6GynVEHbmo5mDBWbplXig6huFEnbes5QTNceVy+uqKddy6q2CRA944BPIqP5mYaFkWz2UD71KMRxsJv7jDlpShVurQRq59/wA6rrM+KOv3ht2l/wApHYjefSvOnFxbPU06RGs2u4ajBXLK5YS4HZCQoSAr1rPdznzNOB4/cNWrTN7h6VaEWzqVSfQgg7f95520Ditt98aKXO3oKovOGFLw7NCU2/8AvGHGnlJ2EgmZO/x+la+K7uLOHzeMWqQ/5P6GXnVXMYzVdWr9hgtwUuuJcjzqABgevx/LcGtAYb026d5duksYNhNpbYigAy26QpUDkifQcmaIy7msqyrYM4NbpbcbtQ02FgQVAbq+s/OoNlSxx7Fc4JxHE13K3y80XHlEEqAdA07+sDt2HECDJkkpKMTpfi444HOSNiZ2t/v3Si7w66UpIdwxmV8wQAawN1HcvrTC8CtlEh0OOkkp30aNj8DX0HzZYX1x0+u7Jop8UYelqVD1AH13rAnU1D7WPJtr1KyGrRptoTtATBI7e/zrRNvJTR5a3j0WP0RwfEcT6fvPOI0lDywmf6xo329Yj8qpT7k5ht61/LIctL/QlA9QuABWi+heJsW2QLazDoSp919c7cwpMfv3qm7txAxOyulhJdGLtKfAE7h3zAzzVt1PRpijzh2XJ15wbE2cmYZdrbQWWr1h9Z3BktJAERzJH73rN+NPqscVubhK1BbbUnc7Gta/aPvE23Tqz8MA68Stg57y23/esdZnxHx8XvHFaUo0+GtPoRtVf+zCDqFv9H0B+yWhGIdKLdS1KLguUkKUOZJqv88W7Bz5eeE8oPHHkB1JAgpDiQD9RVg/ZCure56TNBhIGi4QZHvVO9Wbp9jqtd2zaylxvFbbhU6tT+o7fCs/Ij0/6ZYWuMrNjOKKlEk9h+lJVmCZ+tKdSVEkegmfWKTOqkxWEovkaY9pUELJmkNyqCYpavfikN2mJINZv9nTFVsZ7cA4nGwBPp3qT2qRtJqMslH34T+KdqklsvYQKWkXPbsfLGQQKklgToE71HLGSATUksY0bV6eB3E8rKvsOjRiKUAkGkzR25pQDsDXSZ2HavLzSdat6NJGnaiXPXvWfQ7C1bDY0UoTuDXVqJrk9qaGmBJAoM10716RHNMa2BM0GuqM8UHczFIZwmaDO8A10hR5NejtTWxnwxylcPpxaxU0yt1wL8oA4I+VbDtncVuMDS+VJdeXbrdSkpiSATB+lZW6dYNeuZrw5hTalBIUpAbWPMeP71rN84hhuGJbcslaEsFnUTISNO/HrvXLaeWqLyt/GkzKmc8QxbEMQeVfq1gEhB2IBBIUB7DiompwNpIO57b1LMy4ZeJuXXVIKA6+64DqnUFKJ2pgfwrSyXluJ1GPLG4rodLs5hEmVATyaMJUhI23PrRejSdMlXHahg60wqQRTAMaJ1EuAEHtXVGAN5oCVKQCBMUPYiUgg+/FAHUhQiIg9zQkJEwCAfU7RQAT2HPNDWgoA1K5oAE2SowVSJ570dIV+FRgc+lJNioJHfvSkNaASFb0AHJKQnYyaBq1bg12wt8SxfF7bLmA4Re4rit2CWrSzZLjhA5JA4HaaMxPC8fy7jzmW81ZevcHxBDYd8G6RpJSRIg8HYg/Aj1oSbVi6E6iCsK821CWVFMjeeaEtCTtvA71zSRsDtNAwTalxE78UeytEHxJJNEJHmoelSVbj4igA5taAkiADPrzXhcL0wBt60QSsmd68EqX+EGTQAsEK8wrhVGwG/rNFJUpICQdwK8QsAGSR8aAF1kvQsFKdz680/Wz63EecD5Co9ZFOpIUqCdwDvNP9tKUEKAM9vSgBUXElECZj1pjxVQ8UJMwd4Ip3naZpmxJRW9O5jiaAEo1FMJG3FRzFbWcX+8pRqCikEEc1IkFSZIBkj6U2XzahdIJR+I/i7UmNdlj5FedwxAvEJDbighK0doH/erpwDGmr0hLVw2tZAOgTMxvtVA5exe2swlLpKkTKiOdv1qfosmH1Iu7RbjbrfnQ6yoiDHJivPzvlLiz2vFn8UUy7WLlIaGo7xXfK7PoaqvDcxdQbdBbafwzFmhBIuZaWn21JmfWnRPUPH7RlSrvLNrI5DV5I+qgK4uDR6Uc0ZKyertUQSABTbiKkWzSlrUEpA1FXYCq6v8Ardi7Ki1bZTZackjW7dhYHvpA3+tQjMmes15tSq2fukIaXy3bI0iPQmZqoY5PbM5zbWhbnjqBbXOJjDcNUHUtH+YvsT7VOOluZbFakW69CVrAKoUAoidvoaoN+1+4ySmD325PvXsLzYnBcTt3S6ppwKA1AwD6A11ZcTeOo+jn8fKsc/suz6LZZxC3cYS4kCfxQT27b1a2AZmw3+HBtKkhyNwfXtWMen/VE3eHNNuXPnQkhwqgAGe1WMnqZYstaStIJG2lwST8K5o5fif1PRyQjmW2W5mPHUJKxqCSTMHaqoz7ZJzFhjzTRHjNq8ZB9dIO3zqvsx9XrE3qkuYsyzvCdToST8pp8y1mlvEmgRcIXIB1BQJ34qHKSkpBOMcsOCJF0wxtV9grVg6oi5tJStKtlASYqyrArUkg7g+tU7bpGG46jFcN0ocUrzo7LB5FXBl2/ssQt0P26wCdlIJgpPwrtT5RtHnqPH6zHTDbNz7826wtSFJPY7RVkWTaktJCzJioth9shspdn0NSlq9aS0DrGw9a6cbaRx+RFTkqB3DaAN6j2LhsNqKx5RvTrdX7SkGDv8aimZcZtsPtVv3dy2yhI/r/AKjGwA96cpaIxY0nsobqLgn3HE38RsHipLqlOHaDO23w/fpUJNo5dgur7871OsTu3cfunX3GghpSyW0knYHmmp+0ZtfIlIIjt2rzsstUehv0RV6yLTRESByfWqC6tPaM3B9DmlYs0tqSExEHY1o3GFobt1KSBsNprLvVC+VeZyxS4CZ0KQ0gJMgnQNh+/ea08Vfezh8uXJUaF+zGbbMvTpb1+nxX7NZaOrfTJ2Iqd2WAKscbYW0QCLpEbbEaqr77OeD4jlbKik3gU2MRIeDahpKeNv1/ewttV8h3GsPw5mFPO3LaYjgzNZyfLyKSPSnFw8W2/RcfUm9Xa9OcaukuFpdvYEzMSdNfOTqPml/FXbH7yy997YSUrdKtlgzEj09I/Kvol13ZS30izH+FtxVjoSZ7ykV84M5WpcasHlXGpwMoQ5q5VA2rskk8p4EG4wv0y3+hWYEnJzTT2GKCLG4WlKkHvzvPv++aqrFMfDuIP3TbcJdxQuqPBB8X0+VWJ0EuE/4GVJCQMQcbVq7ET/n+dVHiaHGjiPiJB8DEHdUD/hdPpWn/ALlrUeS9mqPtNv2r3SuyuWHNjilmv/p8NH+VY+zcvwcfvbVBU6lbSF/i9RWoOvstdIsFtrd1bnjvWq0+6oST+Sqy/izXjZkcLja0p8NCFAxvz/nQmnNhNtYlZvz7Bz6LrpE6HCTF20PlVS9Yrh1HWnGnSVabbHLIGRHl1JP96sD7DN59y6T3FmnzIF20oR7lVVr1VxG4f6q5iVdOEhGMWyAr1GoRNLyI8uP/ACLB+E1+zbLTniDxAdlgKHzFFuyVRXrLays186rVpR+JSKEY1SJ3rlybkzaGooJ9jSDEFgAgCnB0gU2XxTpnmueaN4r2MbTmnEgBwTFSm0JIFQ5h0fxpPYajM99qltoRANUto0yV0iRWU6BNSOwVDYioxYGWxPapBZFQQnevUw9Hk5ex5aUdqVAkCklvBiaUE/071vejOg0EEUUsyY5riVehoSj3qB1QSvvtEUWaEtW5ouTT6GdmBFBJ2rxNBJFD2OjxNB+FcKo43oOokTQVVAioDk0Gd6ATJ22rwVvBFUh0fFvIl2qwzXg12+7pP3gtEjYKBST/AGrZuKuWt9lS4uknUpVrKoPB/qmsgZCwrDsWv7Bn74pDq7hCQEp3SZ5/L9a15a4I/eYAtLFwPu/glMJTB0lMGf8ASvPS/wB6Ns8msStGQ86Yrh333wLJY8JMwU7gEGCKYYaftVFuQdJO5mnTNGWhY4ldJb8d1Ldy42hxYG8GVbDgSeeP0pklSUFCXIABO1dk6ONPQ0BSlHUsQT6V5awkSfWukkLPaPbmgqAIO4PtVCBaVEagRBoYJKZJ+goDa1KRpUmAKESqAkAAUADQtafKlUTQwHVjiTPrQNO0k++1LGnbRLYDiiDwNIoAJQgEydjxShI1JhW3yotxTTatYTPoaUh61S3qLZVtMzQA75Gz5m/pfmdGbcmjD3X1N+A/b3zIW082RBB2kRM7dwAdiQXLqX1Ozb1XxjC8azNhuFYf/C7Z23bYsEQhQWvWTxI33jj5lRMetHbaQlQ8x4kUpAQ6sIQ2I7Ukqdo0+WXDh6G5KVqMhO3woSGfEGwAjmDNOobSmR4Yn0muto1kAoTI2EimZjWLZyAoQR7GvBLniToPandQSiJKUkcQIr1u8jxYeIUj0IoAa3ELCJUiNRkiuW8pVCe34thtTy9cM3CVo0pSjsIou2RbJVzJJ9KAG9a21HaJ+NFlZ/p2SO3rS3E0sJALZAA/EIApCwSdSTBETxuKAFtmUlYnYE/SpCwyFIBST2+dRzD0+I4EqEGd9qk7IDWkJA9NhQABxISiQQTxTFeGHTvq9d+9PV4T5igQY5pifABOomT7UAB1SIIHtFNWMFaAhSQTq2+FOiUJAlPpNIcaQj7kpanNKkkQfjSYDdaXjiRBIAgiQad7XErlqA3iF0lPYIdUB71HmwUjmZPYU/YPhqrspgKIUYiIIrDJFN2eh42RvSHu2xPFLmGU4heEqGkBLquPrT3h2XMfxlYTaOBIa0hTjzigkT77yaWYFhFvaKSpDYWruop3FWDhOkNpR4aUDbVA5NefmypfietjWRjFg/Sta9DuKYokqB8zTaSoH/qNO2K4HguB2am7KxaaKRIISNx71K2LtppESNhtUfzGfvzKkA8zWMcjm1ZvPHy3IovMV+0vEH2zGyyI4iofijTd28UAp0nbephnHAnmbp1xCSSo6pFQr7heqUdAUSfjFeriX1R4vkZVy4pkmytj+I4E022i51+Ds3qTMJ9KnrWY7/EGm20PpZWsyVISQVEj8qgGXcAvLlaWngSR+LaZq7Mh5bwXDLhF5eq8e4j+XqgJRt6d6ieFN2joxeSowqyu8e6V41mS0XiuDPIdfQJhxenXuJ57+kb9qXdKcz43li6/h2LtvJbQ4ppxDhJU2QOfceh/0q8cTvsN8HwmWm0mNJDaABxVe4pk4YnjK8SZxBTJfUkuAIk8RNRODnGmb48sYSUk/wDony8cuL19o4e9qcSA4kJ3296srJuccEv2UNXi02GIiArWQjWdzsfr+dMnTLKuFYTYNPJSm4dKQgrUATsPSp/fZPyxjbaVXGF27byUjS62gJUDsZMc8J+grnUlD8WdWR810PDWM5ibb1YbmVYRyJShwAenwryc49SbchprEcHuUf8AG/ZlKv8A2mKhN10/xbCk+JgGP3BQkHS0qEpT6CAOB6f6QBrEM0WUtYo0lSxHmSZB/SnLPkj0Z/40J/ZMmd7nHqC40UnEsOtiQQVMWw1f+6aiOIKxDEX/AB8bxR++UFah4umAfgABXF4y66P5gKaSO3Rc3Bmud55S/IpYoQVBq1JQmBtFNN86k7A/Wjbm7IBBMUx4niDaUGFbipttmc9LQxZivVBpxpJABG9V7kHporOvUTwlth1ttQuHUqGxkkBR9Yj5x34qSYpfh10gzBP0q0OiFthuGYVdX9tBvLpzQvyCUjeRPwIruTePH/ycmHF8+b/gmFvkQ4aQkXLbiG/K2lpOlISB6f5Golh94XOqGH4fbODWxiGmNv6Ugx85qx8Rx61wnDncQvHUoS2klJUeTFZ1ynmU4x1is8TsfN4t4taFL76tIP8A8ajxlyyWzt/8nkWPFwWzWX2hXG8U6aYlaMOICnUgLSTyDG4+B/e4r54Z5sHbG9Rhzb/jt2xLbnqFJ4gitz9cULeyYzdIdks3UkHhQiPnHP7FYfzU4t3F7h5v+Z4rqj6aiDFdrVztHhR1BRRPuh+EuXmRn1JZU22nEbhQ826k7R89qguM2DjZu3Qx53lLWoRtJ5q+uhuG2yMioaQP9666opXyCQZI+E1S114i73EbYBTjVvdutpUR5iJ9u+9K1ypDim42+iTdTL+9cyDgDLd2VBp5kJnuS2CTv7A1RmKl26xnx0OaFEBJJNWznxSmsr4Yw4F6fvSA36QlBH6VVzqB95cdQAdKSRI3FUltsmU0opM2T9jl57DOnVwwvQUG6aAIMyoE/Ubmqv6lXvj53x1946XTjbOueBC0zVifZsi36e2qGEgB65SuB2MD/Oqt6qqVZ9ScatXTqCsXtV+/mWkzROm0VifGEn+ze2HEnDLGRp1WjR+RSKOIA5NJ8Nc14Thm4n7iyf8A2CjlKB/7VxzX3Zpj/FCa4O3pTbdLOg/CnK6T5ZJFM12ogKn4CscmujojtjAhzRmZpAgggmN5/CamFmqUiagraz/ii3aC5U4tSPkUk1NLVZSAFHijHuJeRJSJNh8FE1IbAwgSajGHrlIgiKklkZa27V6uGqPKyqmPLCuKUFRHMGkNuvUBSoEd62MQxEc1xUiuAydq4pR4qOywpxVAmTE0JUUE+tMDxIoJMb14qotSpnagro8VTQSFHauEgRXgv12oGeMp2mubzzXiZ5g1wEDnvTSBHx26P3t0jNFuf4c642yUKSEtkgjgmfmP+wNbjxe+cZy+3aYdYtN/7OgGRslB3JG0yZ/e84Z6X32c8OuRf4Y4pu3QpKXlEzBBB2HyH5+tadzFmfNi8qPLurhtt5m0U4VJhWtOnYGfaN/8687Hf+Rb6NvIjyxq2ZxzpcusuYpZPv8AgD766nUIA06jEfH86g6027TBBWCVA7/2pdmzx7l5V945hSlSFqlW5k7996Yfu8WwcK1Ek7V3zpyORdCNa5cICTFeKdQMnvFFlMK/GTtBJ2rqVidKuON6YgxoEbHccV0pKj5TE+nNcacS2vUkkjmIo9Kkq8xSE+m1ABQ1HykkCeJobYXqAhXyMxQwJH4eO9G26CVcHfYRQBxDC1uaN4NLP4cENAqWE7SAfWlbNulKARuob7ik9y4skgz8KAC2mQBBXqI2n1pQLhtCPIPMO9JU6tHmPHMnmuNQADuPUHeKAFyL5ydSlgE+givffVa5CiCOCTSJZgjQkmi2vFUYUaAHNF4t5XhuRPwiu+MGyZPbmORSJAWpaW0o3J39qd3sKLdvrcdCyd5A/KgBEq7MeTk8bUSi5e/qVv8A8u1HNYep5UB1Kfc0Y7hD7AK1FsgHgGZFACZTqlgBap379qE0YBIBInn1oxNsonSEzPaKPasHFq0eVMbyTFAAsOWQ8YQfjUltpVAifQk70yW9gptYkQAfjO9Sa2bbSkKQpRX3kUAILxXO8GImaYnipS908VIsRbJRp0wefjUeXs6Vk78b0AATr/CBIom+aUbdyUa4TqiJ2pcyEhMyCZ3oq8EsOBUkad4NAEWs29ToSEmOQeanuAshBSqORvtUNsG0h3aI3ipZhTobSBO47+tYZVao7fE07Jth+kCUnjmny3xNthsqKwI357VErW8KUBA7e+9N2K4w62C2gnTwYFcCwuTo9V+QscOTJnc5uT4hQ0tRA+hpFd5qSWiQFTFQhm4uXjrKlDn2o1Lrzqg1G8xzFbLxILs5X5spKhRid4vEV+UHzH50Th2BOKeSC2SFnt2qR4Tglvp13LwB583rUkwlOX7NJU9IkypR3HxrT5oQVIxfi5Mz5UJLHAwyyENN7JAEaRPzNKJWw4iE6SiN6lTVvYX1pqsrtkKUQBq2P0maTIyJit84VKxvDLZmTJUh1ao9YAq45oSWiF4eWMqFDFt99t0rZBCyJI1UU3avMukKSQUnvUywnDsGwq1ZYexJL6kpAW4RAWr2B3G1evsv2+KpUrD74FQPl3kR70PJH2a/4+XH92JMt5iuMNeB1AgJhSY52MkRVk2GbrLSCt8NjtrP5VVL+A3Nof5rZTpJEjg0JP3gCNW47GuTJhU/tBnbh8qvpLRelpjLFwiW3Q4CNlDiiLwIeBkAzVHN5gzBhF0i4s8TeDSDKmDGhQ9ONqsvA80sY5hyLtBCFKHnQVTBrmyQcPZ1Ysqlr2H3loxuQmDTepKUbkcUtffSoE6gYpsubpGkiBWSpjkxsxNaQkkE1DcUfgqlW1SHEr0eYciopiSgdS1nat8EeUkcOfIlFoaUWybu7gnVq2j2q2smZ2wPLmAs4Vd4Lci5YBQV2zQPiAcEzHaP3zUuEPMjGLdJUB4zobknYT3q4H8IsGbN7EFtpllouHfYgCuvyK1Fi8TUebK26v51vscvVWKbtTNvA/kTpVESAofv51FOnqLy0zZhOJWDrba7K4Q4oK2BSTpI9CN5ii84JTiWM3OKBYl0jUAmANIAHzgUZk5x1N40tSAdPlGkjcEj6fGtMWPgtHF5GT5Xpmk+sGJvDKrWlwuMvLKlJJnhuQQfieTP96x1mJ1SsQdWylKUoJU2RxCt61b1veThPT20umVpSLe6bQEq4KFMRp/SsmYy/wCHNv4nmbR5T6RThGSm7MOdRRpDoSthvIrDRfUVpcUs6uUEpUogg+/6Gq0wexbfvXrtxKlB+6ddUpHKTrNXP0mRaP5Bwm9Fsibi2dLqgkSDCok/LvVGYVcQypTTixrUsJkQeSOKT1PRS3FJj11kwttnKeF3KG9LbF2fEgcBSQAfzFUZfaUXLrDSwtUQkkxtVydVcXxG5yXZWjts3oXco8RYJmU7j8v2KpZ9erEtRQFArEpImRWkItNinXFX2a1+zXituxky2trtY/mthxO+4IUZ2qvevimWureJONgJbUuxdVO2+vc/SrH+y/a2WI5SSi4aQ4GkuKQSIAUFK8pPI5qH/aHy991z/i9wopUUWto8nffSCZ2+I/facl80Xh+yaNpYQtKsGwpaQYOH25/9gpaohQ2mmrAXAcvYOSecPY/+IpxDg7Hauae5MqGkhLeEpETtTReKhMzzTrexEimq7AKDI3rKd9nVDoiXilGbLGISVv6Z9ZbUKmluqAJPFQK7c05uw4OeTRcJTxP9CoP51OrRQUge1KG4g3cnZJMLeSpIAqVYcklmDvUNwzlISrepphYIYgnc16WBUtnnZ0lIX2x3ilOr0FJmCAYo5SoG1dGzF6YaD3rijNBQdpryiBUIdATvuTRZPzrqjvRZUTJimNAVrjj4UEaomYNeKhM96BPpTWxgiqRJ5oKVwZNBM7xXKZVINJEBQ3mgzNB1GImg6t+KaGl6PjLkrGri2etrX764gXKyzp1beaBq+XrWosVuGGsm/dbtt91T+GaUagQVqCIn48fOs4dMn8AZzLbu3eHPueGklJ4Qj4z7gH/tWts739h/gJdxY4egBtSVoStuNHlVqgdpj/XknhSbzVWh5r+NGLsx+IjRYm2UlLbqtB48s7U0PPupt5DY1Aj+rmnjMb2IXF2rxgUp/E2FJ82k9t96aVtvKt9KmyrTvMV1SOZdDS5CliSPUg1xKwuU6Z+VGPJ2Plk94ohKVJMpMVQBqEFJ2iJ796G20tK5WCB2EzQUKkhR4I2ozWSJnYetABsqAEnbtSq1UokQSBO/1pDqUTEbdjNOFmlSFp1DadwO9AD6lphpkOJBPbc80Q8GFNmEgfE0B5/WtKdwT/nSe8ckBsK45FJAAUyQNQj60UQEn1rwWeNXNdUFbSdu29MDzTYUoqcMJHpQSfMUoA9KNQmRKllOmgtQHAVCR7cmgB5sLG2CPFKgVgbGTSpDjLyYX+BPAoDCJtQpA0hXEc0Q7LKYCjB2JoA64WGx4mqIPY0Jt9KvMkzG8mii2koOoxXWbYlQhMg+negA37whJ1NpA78UEv616gggc7c0NTCkEoKIPO/pQSwCYkAzB370AK7V1byxKh8qfWSpJSlQUTPftTPhNk8tepLalhKp2FPcs25S5e3DbU91uAEfWgBBiSilKgsiSIBimLRqO+5jntT7it7hV2kotr0PPJ2S22CrUfiNq5hmVswY3cpt8Ly1i96rZWm1tVrge+229Uot9IVjMnVqAJM9/SK5cshTK1LHbbcirby/9mnqvmTw7qz6e4+0hW4FwW7cD4he9T/DfsWdWX7ZSrrCMJsgQSr7xel9yI7JSmJ9vh8KFFkuaRkVtQS6ZSN+N+ae8PcIM/CaR5qyvj2Qc74nkfMTKGbuyKXEpSZGhUx+h34MSCRvRbFxpVJO3rWU4tOmdOGStOLJW3dfy9KST6mkoYDzpURPek1rcSiCoEGnmxSCiTpJjY1lFpHT5EraiIXghsa1FKEgxzTerMNlZEQsKWoxBHFOOMYBdXrKnWXU6k7pSe5qGNZcxZ59aLyWkpMTMzvVJXshLhJEmRm9b5AU8NAOwA4p2w7N1upmHFKS5OkbbfGkWFZJwAqQLq7WonYltWkipthPRbKWKoScOxXFmVEbqS8FCfpWLjHo9vDzkhsZzQPALrCUpWBGoU52OfXW2USVqMgfiI37mn+3+z9YuNLCM34igxsoNNkfmKSN/Z7LDyA1nq7UtSo0vW6QkfMc/Sq+FdpnYoKP1bFLOe0K0F1C9HqkyaOHUF1tQXbvLaO+mOT8acLL7Pr6Gi49m1ZSmAAhuSTPqRQ8Q6M4czpP8bvAtPEBISfjULGmrkxZMcq0G4X1Zcu1i0xplgoiNbX4wD3Pwp8eft/F1276XUK3SpKpChVS5l6c49hAF7hd+L1lJ87ZELCfaBuabMBzdiVopVk74itBKNLhPlIJmKyljlHcDinixzfVMuW9t/vLBLaiFgfWuZRvbrCLxbZVDDqpcTvyB2puy1evYnbjxAlCwkFQnmadlMFlciJ+NYZJ3HjJbM8EfjlZNzeoWxqCjJE0z3N4ncAz7UhavXEMJSRA+NJHrgSTNcsVbpnRN2CvSFgk/Go1ibiUpUFEgcU63V8tIKUkxUQx/ElIQQoEkmK9Hx40eZ5EklTGS+uk2qy61cKbU2QsKTvBHtT+Os2YbvCP4SEW5K0KZdddBJUkzMDtse8/rMExBVw4FrWUkHcDim61auEqJQgqG8AV0TxrIc68hxhwJS9iFu/aeGlSQsADY0uyWtDN25c3NwlDadBSCByFCovapdD4S6ghMwQasXLOXrW/aacU0tbClpSpSf6D8R8qqCcDnbvRcv2oW2VdJC8ykILeIWqpTtI0Jk1krMKk3SVKbA1pATtyRNbP+0Jlpdx0Xu2Uu72otrjUDJUoIG30j9xWNL2y1WrTqde4Q5v2HNO72zSMVKFGuOjVk5Y9O7S0UlQCm31pB3kFC4/+VUFhuGuN2qXVBQJKnCI3G5PFaYySyE9L8OfZcSLk4c+pJSYlRTsPeqRtUffbFtbaCkgFCp7kGCazyPdmmFc469EX6us3Fpk/CnCo6brEvCVOxjRI/v8As1TjpcavA43KlhY0wPfirw6xpcOU8HbebBQMW1Qn1DRAqmLtSU3aFiAUrSqI2gGtkZStVZr/AOyc/YrwTG8OSlSVoLTw1iCFbhVN/wBoZi2ezBiVzBK/CCdc/wBISkwaVfZybtGLnEy2tRavLHx9zChqSTH5GmLr0lprNeJWTNwpQtbUBUmSdQG8/KsJtziqN/GjFXf9NTZXfW9lXA3l8qw5k/lTqhwK4FR7KDocyhgKkHyjD2kRHoKeEr0maxl2OG0jt2vsKarpepJkgR3pbeOkiRTNdOqCSZ571jkb6OiCIhiClf44tHULHhLUyD/zQFcflU9tFQjkR8ar7Enj/G7Mkbh5GiPcxU3YeUD6gd6S/FJjd2SXCZUsbx86nWF/7geaarzC7khSRBqe4O7LQIG3Feng2jz/ACYtSTHNsgLIij1EAbUmSoFUijSYTW7Oftg0K2rqlE0Wg8nauKJPB5qPZT/Z1W1FFcEjv61xS96ASOxqh+jqpO8bVw7CZoBV2oKlwI7UdAnYIqmg0DWk8VwrANMfYZPrXCY5rwXIrxIpotHyI6cZgw+0vWS/hKLlJWhzU4dkxuRHqYHNaQzDjeLHLr1xbWLZQGUPIStICSkp2EHtv/nWTch4ohF2GWtSlJ0FYjaCavXOPUk2mA/w+1YbcU8lDKSAdkRx7/8Ab3rhUf8Aca+RKLxxrso3O6rp3FDeX8feCpRcUNgqTIgf8I4G1M7lwpNoQlaTI5PakmZcxXOL4u4+4mPDAZn/AMp4igMPOrZ0aRuNzXU6ZxrSoRKU4FEqGrc0WpR1agI9RRzmuNKuDxFcbSpcQgwO8VSJOFAX5wrnsDRqEynffvHpQ/CASSqAE8zRjTBdbLjRkJkkAUACt06jpPA7UvsglpZWpRiOSaKbtXTHh2lyrblLSjTlY2NzcoLTGH3KnCNgWyJ+tFCtCVxRWsrR6d+4olaypR188cU9IwW/QrTfWa7cDjbXJ9IFKsPyRieNAOWCbt+dilmyW4UH3229KpRbVhaRHUsqUgrSCR23rvhLVCdEqG8D8zVnYT9nnqhi7ZNnljGX21kKChb6JHoeYqdYB9jnqpfttuKyq1aKC513NyoH4bCKFFsTmkZ5Q0HBAcB9gd6WCwWw4gFklUghJrWuFfYYza8ULxfMWD2AM6ghvxSn4GpthP2Gckt6VY3nbFLtwfiLLKET7Ax7UKP9JeSvRjY2KEsgQEIPmBUQPkKRvWi23ghamhJGkatWr6V9CsG+yN0SwrQXsIvsSWB5lXVyVBR9Y4FTfCOjHSjBN8M6e4I2qZCl2yXFfVQPoKOK9CeT9HzLssHxHEXEtWGXr68dXKUC3aKyo+xqX4J0K6u4wUrw/ppmDWfwi4ti02f+o/EfWvpjYYVZYe2GcNw6zs0cBLFuhA/IU4N+LACnCZqkl+hcnZ8+MG+xr18xVSXMRwvCMLC0aSp261lIPsB+9qnOD/YGzW4Eox/qLh1sysy6m1twtfwBUmtohgGJBJ96MSwJ3FJ0xW+rMv4D9gbppYgDGM55hxCTJSlaWgfoP39KnuBfY++z5goSVZJGJOpMh2/dLqvodvyq5wxxAo1LBA3pp6E36IjgvSjpjl2FYLkHBbVQ4Ui1RP6e1SS3tLa13tbG2Y7fymUp2+lLlBptMuuBP/mMUkdxjBmFaHL9kHiBJou/ZPF10HHxHQApZgcRQFWxMmJoj/EeGzDCH3j2CGlfrFc/i+IPqhjB3kJ/4l96Ev0NxfTPnL/9RfKlxgPWfK+bEDRZYvYOWr0JibhKpBJn/g9JMJ4IkjNilkL0j8q+g3/1AsiZqzn0dbxpvCUPLwB8Xzng+daEJJ1BMgb6T9e/mmvnbZ3bV9ZM31uvWh1AIM/r6UZvslI1wS1Q92b5CAnVt8aeLO+dCgAeT2FRm3c0qBA37U7WtwEEKWn/AL1zdnbK4tMmjJDluNayVR6023Zb1mEj6c0CxvtoUqdvXY0c+pt1sgAAx671zW4yaR6UWpwUghh3zAtwO3FSvAcfvsNfQtlxRSDqKZME/wCVV7ceNbLJk6SZO9CYzE7bAaHSSB5T2FW4N9F4fMjibvo0nl/qNZpCGsTt1BZjU42Bpk/E1JV5hwRDwum3UupXvsDWPbnOGaEjVbX7TOg/0NAz8ZpVZ9X84NNt2bltbOpSZClmI+kVDWaOqs3j5uHJK7o13d9QrVi2Um0sFXAVsAT4ZG3vUNxfOFzeulRa8BMbICpAPrNVhgfUk3zbYuWm0rVsYPlEU+XOPWt02nwkpKiNz2FS+UezpXkYpLRKrC9U8TrclJG4NEO5YwS6vPvLuG27jhkagkJUJ96ZLG5eUB4Kuak9qrSyFuOeYiTNZz8lw6InCORfY4lFphCQloKSlIhM70fb4gm4UCFzHaabMSf8YQTMbUXhbyW1kDasp3OPNnLGVPiSFy80pAWoR8eKbrm+B3SZFJb9wwT4n500u3iggid6zxwuQZetDm5fp0kqI+tRPGrkrdIMHfYj1od3fK0lIcM+lNuHqVfXvguGIEkntXo44KLtHl5ZN7YO7tiux8wEgSCRG/oaQ4M2l1xQKYWBuOAacsfdTb25Qm4Cdon1pryatCr1b7wU4hsEKJI5PFapJWcwseZbYuEhQVE7g+lWX0naZXjbWGqK3WL5tQ8IHTDiRqSR7mIqGX1s06+HG9BTAiB2qcZYwoN3FpctOll1lSVoW2TuZiDHqDSaTGqs0H1Fw51XSjFrC9dcSE2iDqc3UgxsD6xMVirF1W9vbtW6xoSWEleoRpBHNbR6vG9wnp3fofuUuNv6WpVsSNGrc9z3msWLQu5dS/cLU4paRAckQgcDfjapVudHRBrgaTypiltddO8MYQ6CGcOGlaTBCvD7jtNVxgWKJTYMuKSdCkaiVetP+QrVxGSwt/y+Iw8Wj28MIOmoDly6KcKUy4Sdbeyf8qUo07ZSV4/qSLqzg13cZYw1pbIbULsXQ1gjYoiARydxt8PjWe8et0ou3mCoIWhJO/rWuust81a9PsIS+olQv7TkSdOkBX61kXNTf3nG7hSvEJbcUgDuoa5B+lXGVyqjOSqKbNifZhesJtrC8YY++O4ShYb3UDpHAPp+/Wor9pQMWuesXRZu6212LZWdobUoGADRv2WrhF7jrGKOOOJVhto6nQT+JIBSE/3orrnlwYjm7M90laUvNBCSmSSpOmQfyH0FRKLjUmysLSuTNJdPnC5kHLWobjD0bkzNPylkVGunD6H+nmWXUbasPRIA7/8AaKkKlSKym1zdl4urE9yslMU0XRG+/wATTm+REk02XhTpIAE1zT+rs6IJshl/cKOYbYpA8jqPKTsd9jUuafcBEdzxULxkL/xPZhkyousApI2I1dvzqc27TY2CZ3/KnH8UynpkiwndCVxvU4wNwloyeageHL0ASKmmBr/lTzJr0cD1o4vIV7H9KhzRhWSN6SoVvFGlcCK3Zy6sPaVtpryl9ooptYG8UJSx61JQBw7zRZUK8tZ47UUFgmqH2GTNFu7CaFIA5op5zaPzoYLQDXA2ryVAbzRRVXAd9qB+hUCIkGu6tufnRAWQIERXfE3PaqQLs+L/AE90nGmWyf5bykeLI/pB9as7qFiFla4KgoYbWPHjVM6dqqbp8X145ZsjSQokgK4gAnf6VPs5i3cw8M3KI8RXlA4JAn8q5ox+9hm6SKmulsl9ZbTOtZVq+JpdbFRZKgZT3J2imMkIUZgkEwUyRzTuu4cZwV9SIBKJB/sa1k62ZwXJ8R+wrLOI48Ev4VhF7coTv5WlFK/cECIqcYP0M6k43p+6ZLuH0LHlS4FNj8hNbM6BZbwW36eYXidphts2l1ISlkNjQkkAqMepP+fdWq3rNooSEtJQ2kdkICRSx5FkjySJnBwk4mD8E+x91mxNbbz2DWOHMI2Dala5+Z5+dTrCvsPZluYOOZhtbUk+ZLSto+UVsZDBUQpalK9zR6bVMzpkVqpNGctmcMB+xhluwSP4tnC+cGmNDUqHwkxU5w77LnSG0bT96w28vlAcuO6ZPyq4EWqVACKUJtggdqbm3uyaTIPhfR7pdg4T/DsgYWkpAhTjesz86lFnhGG2AAscIsLUDYeFbpT/AGpyCAnYxFeWW0JkqAHek3YLbCUlxKtnCBxA4oRStXKlH4mvfebRI1KeSn40WvFcOYSVP3rDYBjzLilaQcH7D22wTumKPQ3AgCmVzNVgkFdl/taEmFFg6gn4kUUcy4m8ViywZah/SpZI/KKanfRXCiRBHExRiGirb0qF3WZsRtkKcxXEcOw1vsXXkj9ahWL9dOmODvrtsW6tYf4rf4mWFeIr/wBo+NLkHD2XfqaY2dWlMb+YxtRDuNYTboJVeskjsFSTWYMW+1F0vCi7gmF5gx1wKgA2q2UKPspY4/fao5iP2rsxsIU7gfTzA8NY0yF4reb8bGEx9NqnkUoGuP8AFuHH/c210/JjyNn+4o7+NX7v/wCXwpQB4K1f5CoH0X6i2vUzJFnmNzD2rO7Upbb7TZ/l60K0qKZ80TxIBIIkJJ01Pji1nbI1vXLLaQYJUuIohkhJJkSg06PJczO8Y12rCI2IGoihjC8WdAVc448dt0ogD9KZMY6pZIwJGvEcetU9gEugkn4VDMX+09kLDwtNsm8vVJPlS21JPyp816EsbZaRy3hriw7dFx5faVz+RpQxhGGW51N2aRBmSmazli32r8RuQBgOVFgLJCV3DobIiOUwaimJ/aA6rYgR4D2H2gPIaVqI+opc3+ivirtmwy/ZMmCGmoHJATSC/wA1Zfw1sqvcYtGQnsp0A1ibEs8Z6xbUnFc6XziFz5G0oQB7SBNMDzqXj/tl3c3Uf/zLKh9DTtsOEfZq3qL1s6YDL+K4NcYqxiguGFNPWradepKgRI5CiJOw94ng/J7HMvf4TzVjmWbUq+5W1645ZAggJYUolKRO8DiPatYBxlICbe0ZkQfKgTNVH12ypcPM2uZrGyUtVtu/pMK0GSZHyFNN8eIJKMtFQoXpUCTG9OdvcpWnQNgO5pkUrzAj8JFOWGJK1BJ7+lQ0bqd9j1bXaUICVgfGlAvJWNJJE0G2sZ2CQqDTtZ4AbhQU3AIImRyKzaSOzFKTVegpFs282QTJUI4phxDAnW3QWCQgn1/yqyrHLCSN1IMelPdpkxvEQtHieCCU+ZCJO3es1minRc/Hi43ZSLeFucKBgzJii38JWCXAgaUkHner3R0pTeIRaW2OqZVJl02wJPxP+lK1fZ7Q7DttmtwvcEOMSk/KNq2jJSVnE8aUtFG2VpcpT5UEjkxxUqwRF2nQhxKtJII9BU+/8KMZwZ5bS7hq9aQnUtbTZSE/Wil5Z8O3Su3ClKVwAnvWOWVKkd/jYktph2FXNvb2+pxAmdidjShWNtAEQdvemZ/C76zPguhQVyApJ2pEtDreyvrFcUcPJ2jsll4LY8P4sFrCUjVJpda3GlvxY+M9qjNqpxbxCSNPqacvvLjaNKlEp4roliSWjBZUkLrrEUxq5E0yXV8VSdgD2oNzfAjSJPypuceMGf0p4sShsiWbkwTtwIKVAme4NKLBxhiFgEqVz60TbtJcbL5TqA+go99KQlLjSPMNq3VJHDOTfY2ZvV4X3ZOkkvajv2ApDk1/wMbLKo8J9spWJ3BA2NH43cuvBIuUCUAwT2mm3DnvBfDrZAUk8g0+0RSWicuPFpzSJUg++4q1chYVdYhZ2d2p8hppSXNcgzpUPKRyJ3qm8MxNpSw8+ZAMjarRy7jrDbCXrFgsPBbaXdKfIW1GNQ+U/ChaBRk9ou77S7d1bdJLt4OEgXTavceQH9Kxbmp996/S4takIbYHCtjO/atgfaav8UVkm1w6xZ+9Jub5IdbIJEJaO+3tv8u0k1kG6ftntYUlIQlsgAz2FSvtKzTcYJIvDKDrz3SGzRbu61nC3y2veQqVT/faquZuFrZRpWJJSgb8birl6dYb4PTTC8PftkJuf4c4UEcFK5Kd/gT+VUdgV2yq3aSoKJU4pJUDEQo/5UOrLg3xLx+0FYXishYa/wB03TKNRMCS2gjf4isqZidW1jANwEpW4QFgn+oVrTrffs4l0vsCgLIdvLN6AJOktRWSc8OsXWPoLaQkpaGudvNx+gFOMk3oh3KCsv37ImMIGb7zC0IKxdtqZUSf93CVGfmVfpUp+0FdP4Z1Ix+2ZOlF3YM3AJGyoSQR+VU59nhbmH58aUCrxbpTa2SFFIXo5SfYgkEdxVidfcWdvOoDzzn9WCpUEkzokkfSQanJP7caNMEau/0aU6YXKHunGV1tHY4ek/CSdqk61dzUB6MKWjpVlYOKJJsE89oJEflPzqbeJPBrmy/mzTHSiceAg77elNF1vqg77053C/LMfSmq4JglMVjM6Y0qoiGLQnHbC6eE/dnUGD3O8D86nKEaVQYkVAscKji1sgpABdZV8fPU0aeUPxEz6k1EW5UV/wCzaH+xUQKmOALPhc96g9jcaoEipngCpaO+wr0/H6OHyaJA2rzUcTAk0kC4I3mKNLkpj+9dJxdMNS72ihFcikyVgUIuyamy7o8twgzRXijvvXnFau+1E6oo6GHKc+dFLc1fKglYIooqJO/FDBdhilbVxK6LK+RQErKTNCZa3oVBQr2pM0nL0CuB6d44q0Pjqz45dLba3Xj7bzxdDtu2opCUzMyJNTXP1o85h9ukPCPFVsTAAj/Wot0hVN5d6wNb2hCQDuEpk1Kepjp/gqbhDalFp2NKBurUDXNjtzY/IUdNFMBhoPKSVbIVEc0tuEheFuoDv/AAPfUKQC3KHNSJjnc0pfcSzYlwgqKFBWn3natZdGGPU0fUL7PaEr6TYMSvlRJ/MVa7BZbSJUKpT7Olpjb3SvAFJvQ2whrSQUzqnzfI7n9mrcawR24QkOXa0+uk7GsvEVY1bDO/u6HX7/aNJOp1II9aTqzBaDZtQX8KLXhVnbNKLjp0tpKlrWqAAO5PaqezB9ozIuE4pdYTg2XMYxt62IR4rDZQ0pXcBUGY/wBOQY6GtWZpJui42M0anChLCvLzsQPlSlOMXrwJaYKvYAms24r9pDO0f/Zco4JhjKh5V4g8orT23EQfX6etQPMX2iM2vJ04z1as8GPHg4YhuCPUkpme3PrtvUckw4mxXL7FACp95DCAJlwhIHzNRbHM+ZQwIa8ez/hNpG6kG5ClR/5RJrCmYOtOVcUUVYvmXMOZFaiR41wsIkeyRFRS96xWaB/+HumtmhXZ27Vq+cnf9iqT/Q+nZuPGftEdL7Nt23wvErzGXwhWgMWbvhLVwPMURE7T7HmIrKvVfqnn7MeNqury+usHtCovMNMlEgGI1DcE+3b3201diPWbqNeyLO9scJTAGi3bB44jtUTusczViviHG8VuboElQWptOqfUQKN+yenZbWWuqvVTKVz/ABDKmf7pCndnUXLKXEODtIIiR2PoSDIiJJiHXnPWJNru8053zChXK2rAIQ2THpExWdcJzFjWGXKG7pq7ftlw2fEaV5RPI254/Op8xfJvmCbdh99Eb6GVK+sCojFIpSFuN9WMKv3kKGVLu/fHL17ck6/SU8D1pt/8ScxeKo4blrBbNBgApYSpQHqCU0mdw5u4c0otlJUmDpUkpIniQaVMYM+hO7RSoKiB3qtA3Ylfx3NWKPF2+xlwNqgBkBOn9NqSowq0WS7dtqeWnffke01IrHLtw44B90c0kb6jBA9qeGMqPLCUrSeIImTRSBSaJ/kTO+MYHl1vCct4+/YYeUICLeEqCFgQTBG23bj6mXNzHsyPGXc23joVGpJCIPyiofZ2LGEWmt4JZaAEqcOkCirvO2UMPSUnMFqt1J2Q0lSiT6cVKjFA5N9kvU004mXj4gKpWfX40qYuLW3BLDaEg/8ACI/71U+I9ZsAYB+529zdvABIaXKAfeeKYb7rPmxDp/h2H2Nkk+YaleIY+Yinf6QnZfir4qBWgwB+Ja9kj40WcwYXakm5xqxbEbrW8IB9KzLivUbPOLoLeKZlW2zBOhlKWxHvHNNFvheMZhu2mrPD37110gJW6k6fck/nTd+hGkMY6t5JwZakv4sbo8xbMqUn4a4io3edfcNUyo4DlpV0Z/Gt/YfERVbL6R58QQkW1iEGNSmbgQB7gxTpgfRDMLxUtzGEiIStNowpZE8cbev0NCXuxfVMcMQ6x56vCr7lb2OGpAiWkFZj4mohiWbM1Y04prF8VU8l0glKU6Qd+5G5+dXVlr7LuYMR0lmwxi9bVsrxUqRt2kAAipxif2SMwYdlW+u05dTb6GFLhCVKdB5kTM/DeeACSAWo2NySMiXLUPwgEEAbdqWYW+6hYSpA2VIpA8pbN3dWbp/mWtwplZ7kjbehsvBCwVLI39aTXopOib2d0QhIn47VJrG9DbISuNQ9Kr3DMTC3AhQmODNP7N4qAkLgTuDWckzswZIp/YsS0xFaW0n8AiTv/apjgeIsKaBS4J21Gdgaq/DbseAEp3Sn5092GIrbBSypZBOo71yPx9WdazK3EubB3LZYKyE7idXYin1nEWoCGQIV33MiqjwnNSrMqbUdWsDlUiR6U62maXmn5U8hKVGAkq9a0hdUyHFLbLFWEBzxFbp7yaYMRctmL4LZIHfgRTevNTiWFKUtpQ4G8TvTTfYqHwFtlIB9DNQ25l41GMrY54+yxfspW83qcRKgrvUCxLDXdcoaOkmnp3E1upmTP5RSQYmlSiVrg7fCs8dwNclNUM4sxbo1Lb3M8ikl/d6GSDED05pVimM27erUsazwZqHYnjKXFKQHJg810w5SWzjlxgtCh29SpWpJM99qRi9VcOeGg7qVAHuabDdqVI1EA7mpFkzBFXd4bt5B8v4VFPBn971bpbZlh5TnSJEjDhbYMLfXC1DdXeTQXmGm0tt+IBI/One/Q3bttoUpSwfxEJ4plzQq2t1W7lulQ1pIUDvv2PtU425LY/IhwZGcxtKZf8JS9SVAFPxpmYQUOANmCrmnfEy68yVKUVAbgE8UyHxA4NMg/CtP+Dm72SqxYCrVKEk6oiZ2NXJ0qZav8x2WGtNpW65Zayhf9amyCYB7nc1R+E3L9uA6SVNqJB2mI9KtXoperfzmm5unVlGHpU8hSZ3biFpMex4pL+lpOi9eu77FkjL7LrqkW95c3C1Rv+EQI+X61j7ONmi3zBept3vEYUC+2r4zA2rVH2oL6yVkvAbu0v1eK1iAQysyNSHBuZ9okj/Scf5tVdDEnFsKVARsmZBIMn61Ebcr9Gk1xjaNW5Xtblnpfhl2wrzs4aUoTHYeWPzrPuA2LaE2tu894SXHvDW4BPh6lxqj2mtI9P3bO/6L2lyVlC38MfBGvdEgGKzflxi6Wy0lCQXGH5VrPZLn+lTJPlSNIp/Ht7Lb6xs4hhfTK2T97KzZv26NY2JCUHcx67fWstZkvF3F8l9aR5kAk6d/rWo+uLbmIdPW1suyg3lushB2KNHPv+/WstZnSpq/+6OomUAyeINXBJPRE4f6lIsToSzeXfUTCUMqA8FPjnSfxIGxH51YvXNJ/wAUJW42EuKwHYAf86v9KrH7P96nDupmDvuJUA9brt0QqQSVDv8ACrF68vupzawNJBGDBpU/8QUqRt+9jVSV0GC9tfo0d0Sc8XpHldRVBFuUnbjepsfKeZqA9ELhDnSLK6YMptSFb8K1Ef2qcazBM7CuPN+TN8LuNHXlDSd42pquVEb04KUCknmO1NV0QSe1c7R0wjSshuZF/wD3lmXACgNhBj+rUD+tTM3AS4TtAO9QfMaUDEWnStJSXmiRO4AUDH5VLG9z5QU+iSdxVVaVFQaTaJJhygYI4NTjL65bgRAqv8LcVsFHf1qc5dUdKgfau/xrPP8AJWyRoUJoyYE0nSYNCCyRBO1dTOStg9XeuT3NB1UErNZlVQNSookqM11SjRClKG5NUwoMUZG29BKtgDRJd35oPiE7TtTNOL7YYVztNc1EbUEkCvT60wOxIoAUeDxXSsAUWpQmmXGLZ8qOiuSGr/FFvuYohtRSlehCu0/hkjk/vsDYPU7J+WMMsW7y4xF1DCxoIUsKUlW8KED9/KTAugOXbjGMzP2f31baUtJUhSSZCgDJHpxv/erD6x5fwawbaOIXrjy3G9KEpOy1dgr5iex2rjxNvI7ZHkY/jdGcMXXZKu1Iw5JDKdpIiT6xQ029ovC7hC0hbhT5SBMGl13gKWnFaXAuTsJ49qS/dXrcqSpASFCD8K3kuWkzGLUWmfQ/7P2e8BsuleHWV1iTaHbdKFKTBkbRHxj97ibJa6i4ItguM3bqymAUIaUSKwb0oztd4PhzTS7h+5ErBSoSSewJ4A9vWrDuOo2E3KkrxW9TaLEAthpak/8AtB3/AMq58GLPF8a0aZsuBtyi9v0Xl1S6mNrwN/CLBxTz16ClLSCQTsT5jHlHv/2ORrrKfVW4Qtqx8ZltSluS26AlIUqQB3gcfp6VLsW6gWD93rtfGdMJGsIjYDY7we9IV9TrkoLdnhbcDyhxxZBJHeBXYskoRqrOam3yK8u+l3ULE3E/xDEVK0k/7+8XEH5RQ7ToNjjigF3+GA/1+GStXwmKkV7nLMbpKmsQYYT20Mgnn/mmkKsbzbfI8uZbuO/hoQj9BXLKXkPqkXp9iZjotb2z/gXmO3EjlLDaRH/URTu30Zykka7zF8SeSneF3TaUx8hNMV3e4oGousVu1GNyXSNXxplur+wCpuHW3CnYeIe/oTUvHnbvmP6ljIyT0mw2G337LUk7hx1t0/QCTxSlB6QYeAWWrBQ2E/c1JI+g2qo/8UYQ0tYQUNrmAjw5k+1IrnN96o/7KhDQOwC0Un4+Rv8ANjuDW0Xa5m3pth7YU1ZsvhMCEWZVE/8AmFAR1byxh6lN4dghXySrw0sj5+U1R38fxZ8BF1cleoDYCBINNzq7vEHlB55flkadUU/8OMvybf8A2TGou0i2cy52ytiT7uMum1D+wW2wdSwmfhvBk1Hz1IwJgTa4eVonYvOeHPvwagreD4ncH/YsIvLhY4U0wYHz4p1tsgZrxMJLVqi1g7/eISOPX510RgoR4oSaiO2MdTMbS4n+CMWTaCkKKiC4EewpluuoOeLhBL+PeC2uJ8JtCI+BifzqSYf0ouLVY/juOspbICv9mTO/oSe1SnDummUHnAza2Vzf3KoWUBsuggH0iP37VQrplTtYndYm4p27xJ988KKlklQ9KHaYDimNXPhYThDz6+w0kRWhsC6Q3qnUKwzJKLVM+RwoGqPdMbVPrDonmS8Q1/EsRbsgn8SJ8yxPOw2MU1tA5JGW8O6W5xdWPHsre2SdjqWJSPUzz8qfrfo3bOEDFcx6gAFLaQnQoD2JFatsehOVmFIN3iGIPLBJlKjpM/GphhmQ8r2J0Iwa1eAgFT7aVK245FLYGTsF6LZdQUIscnYnevGAHH21qST6zEfSrMy/0ZzbclLaWLawS2hIQFpOyfQagK0VaWqLZtLTSG2m0jZDaEpH5ClPmWAlapA9d6fYt0VhlvoMyjw3cZvllwR4wkELE8ARuPn8qvDKuRsrYakrtcGs0qkQfBTMDidv3+rZbFKIIIn86kOFYiGiATz2pp0qQnBPbJTa2LbSYCUxEbJA/Su4lbI/g+Iojb7k9A7fgNDtblLiJEUHFVqGD4mpO5TYvkD/AKDTTdkuCPitjVuWs15mbCtQTiju59SomkGopMzvTtiyTcZlzLcpVs7ir+08Qs0zuJKSSf0pTf3ZvxaQqtropVpSYIgzxTxY36V/7x2VCINRpadtSIBG/NAbvHgoRIUD61PYuiwbDF3kq8MOEJPcbU+tYu420NJIPsearO3xVaE7KEz9KVjGrhJCg5qI32PAqeJosjLHaxJxaC40Y9VUb/GnApoOOhencnk1XDWO3ZCki5WErH4ZEA0paxhzWQpwQRyPWlRfyS7LSazGhbYaDy/VIPY0uYxYra8LxRqHIHeqvtcaJVDvB4V2FOrGNIbMqd0xzS4+zRZuSplgqxNKWSPFmBGxpruMabbSVuq2nmofcZjS23K7hMTt7imXE8dXcQ0wop3gwe1JRCWab7HTF8aVdOqCTISSAT70gQ884rzTJ9aR2/iuLBWo7e/NSDDMJXfEaEEH8ImRueN6fQoxtCrB8FViS0nfeUgJO5q3sDwdvDrRLTaI0phWrkmm7K2X7XC7YI8HW6uCorEwfapcm2LTI08RPNcWfPb4o9HxPGcfsyD5wujZqtyhZR4iiDB5I7VGcYxQKShx1JUYEVI89sLdRalMgtuqJE8giopdQ5bhtTMEe/Fb4NwOTyZXPaEYuhdoCQ3/AKTSVaUtuBKkQQZoV445ZJTpTAWeYmvNXSbnSVqBI+prZHKo8mPODsBxotvQEKJKSDxVq9GbEWmZ/EtnkJSLeHkuDYoKhJH6VVjQQ3ZJeZJ1HYpPrVn9E7V/FcV++M3IQy22oK17EiIKffeD8vhRegq3RLftJXL5yhlpGpLrSsS3JHAExHtsKzfjyWGLldxcq2SmeY57Vfv2gbkJwHLuHv3OlS71a9IGxSlP7/Os55mcSvEUMuAkLcbSkD0J2qIGsm0jSlphbuC9Jm7FN34ZRhSnlGYnUnv8oqmstYg2+4hoOIbdebJMbAn5Va+Y7hLvRF2+DylOfwpLY1diVEflFUNlG5Qq5YcUyVBtnUpP/DA5FJL7Mu1JJP8A6Lnz47d3eQbK1YDni2rjQV6qAQQfjWcc1LLeKoNzOpTQJkbx2mtI9QFqw7J+FPLUguv3LKVAcKT4M7Hvz+5rOPU5/wD/ABc0WZLZw9BXAkatSv7VUUk7ImpPHT6LA6F/7TmjL1oC04pi68YmIKQqQBV//aRwa0tLnCLsWyJvXblDhCAD5VKIEj5fGPnWdOhr1th2dsEeJc8yhrUfUKBArWP2j8P+82GX33BChfvJJ9lAn+9VNOkLDJRTQ8dDUKa6TYC2ogqShRPeAVGPyqdTAj196r3oevwemOHMkzpffQk/8oWR+s1PAvy8zXFmb5s6sKqCOrOkGN6bXzMkiPnS55cNmImmu4uNIM1gdMXSIXmeRilumdikK7dlVK7Z4FWuN1GSJqH5maW/ido8kyG1oUvbYgKmpTaualEpmCZjmruo0iLqVkqwshSQqIqa5dVqkAduageFuakaSqIqZZZdgqAO3PFdnjNtUcnk72SnVHBrqVlQniKIC+ZoaDNdTOPjT2GhY9aLW7vtXtgJNFObzvUFnVvSIFF+IODRRJotZOwmqv8AZfEOUUzIO9ekHikyvbvQ0qjcmj0XVoOiO9A1KExvXiogSa5q1cUWyejhKjReok7etdUd964lUc704u+zS7Pnp9nSyV/GxeOYettpuxW2p3RCS4ZgfGP3zTn9oa+wi0t7BTlqsOsOanSgyVp0mNvpt/lSDo31AF+XMPcbatjbwYkcGTz3PP8A3kUDrHjOH4hdMIctUpcQzrLxVtp38wHfgfSuHxpOWR8jPyYcadmd7jHcRuLxb6m0IBOyQnt60JV3cPHU7uT2A2oOJO267txTC0uNkwhYTBIpMla50yfWuz2c3rZI8Lx29srY2hWltpRnUCQacbPELBbqXUvJ8RQhRO5TvO/61An71bDoQtwJk7iaOt1uuHU0/GqODua1U5JUmZLHCLtIsDEs4ZcsFJQ/eklSZJbQVQaIdzph4aH3VtdwVCZSdIEdqhzOB4pfXXh22HXLyt5UWyB9TUgsMpXrpQw/b+EpWylBUhG1RRYG8zheLcR9za0NpMqCgCT86DhmbsYTehTZcSlBUdPKSn0NOqOnF27cltGJtONoCStKW99+1PmFdNbdoqQjDcSuiqRr3SmfpFHFJ0K0RTEcYvMdum0qa+7qSnSd9j8aQ3OBXzqwy0ylUqkEzHxq5sO6SZguUhdvlZKEiIWt8EJH6mp9hfQDO2KISsuNoQCPK2gCfaYO9VxaFzj0jNOGdPcVuluOv3LLbbaigqUDJgcpFLmOmjryiheKrcQmDqCAjSD7ya1ph32bBCRjSFJCZOtbigZ9dkxvUswjoBkzDgRcWrT0gTpRsT78Uh3sxvZdLsKSTL+K3hAkBA1ifiBUswfpeq4/l4PkR9alGfGeZWFfGSD8eK2NhmQMs4MjThmA2rRJnUd/y4p5btfAAQ0ltAjSEoQIFIStmYsH6FZzuWW1LQ7aNlB1IU3t8pFSrDPs+W7SUnFcYLiSZW2g6VfD8NXmq1QkyCST6mgLZaTBWI/SgNsrjC+i2RsOAdawtOsqEl3+YT9alFnlnA8PbQ1a4c2PDSUgwNgew9KfZaSBPbuKKU6CYECgFH9iVFsmAlCAlCdkjuPnQgwJCpkijipQO0g0nK1knykGmot+h6BFTgITMD40YlYTBP60gXiSGFHxkqjtAohzGrcplCXT7FMUUx0Pv3gBIJAn41w3UAbweYHeole5uRZNjRZOOOAE+ZUJMdv0quM09XM+ocDWGtYdhqEagspR4i47AEx77ke3cxL0Uofsvttx0AOqSptIElTnlAHxNHpzPl2wE3+Z8MY086nwY+lYezHmjM2LXKrjE8zYoQsQWvvStPvHoP36QxqsMPu06rq3LpJBKnHSo/Hmobl6NY44dtn0JwzrL0uYWbd/qLhAcSPw6ydvpTjjnV/pxb5dxK7RnTDnos3UhKFyVSkjYck+w3PYEwD86/u2BIt/CVasKTqkIUJExz8aj2Ppwe0sXFWuHtIW4CjUjYian7rdj+LHJasg2kpvsXedJULjEbh5ChwpBWSCPlSC6TKtp9qdHENNJDSUJSlI2CaQPtkyQOKtyt2wlbVMREAiFCg+GkJMDmj1An+Wo7iuaYSJSSJ57RVIwEjiCfKmfQ1xKFNCR796VBKUzpSI717wwsaT39+KLEEIfURIPH50Ym5eTuj8xNdLBTuRFeS2oqgd+B60rKp0GoxC58NTZCTO5J9aNbvblREAQBFeRaSQIp0s8MKo1J3PA4oHFO7EjVu7dKAc1QZIB4p0ssKKVhIJB+tOtlhBWQZEjkE1IcLwZwrBLJI423qHKjqhhc9sQYVginFpGlXpOmas7LWWk27Lb7iFKWAY1JEflQsCwFLR1LI1mClPImp3hWHFIlxETJgdprizeR6iehh8fgxJh2GokSNwZmfypyuGkJRpA2FOLVqEJgJpNeICQZJ+lcF7PTjHWyH4vgAxt1DDd21bOSSFOg6D8YBNN+ZekHUDDcOXe2VhheKNtgEt2dyS8eNgggTz8PhzUgxS0XcWb/hiFBtRT7GNqb8udR8xWTTQTiTigNvMZBrvwZnFcWjkzeCsyc1op3E7l60W7YYhY3NjdNRqYvGVNLE8GD2I3/1mo8m/U24QlW89q1lfYzkXqDaDDuomV7J9C1Ji60FTiCCFAhY8w3SD8QPeqzz99lt9i1Xmro7jjmKNtuBdzhF4pIhs/i8LSJBG5gzO49I7YShPSezy83jZMO61/CDYLfKuLZTC91KMpJ71bfSfwcMw1t6FCbhadQVsDO4j6VVGVGHnkm2umVW7qBC2ViFIUDBSfpV69E7UqytfMXNqysuYq4lBXupAAG4ptemc0ZcXYzfaFe+84TlVwHzIvHhq9tM/2rPOaHbn+L2T7AJU06ydBHPnFap604cLXJ7V44lsuM3Q0iJ8nCh89voKy3m1bjOLNXrB1pQ605ueIUDFZY1TZdN9mgs8OsN9J8Us7dejw7JhQRqjckE/DmqAwhJLgS5KdaNBAHHqIFXr1FbvLnIalNtONPO29u4rSNiiBI+HFUFiFw/YMu3rQWhaCIA55jeqjdsrJxSTRdPUDFnnen2ELdZCXbW7bggf0qaCB+n6VQOe7kvZgZWUxFonUBwo6lb1pvq3hFpZdMsOUuSbddoNQ7y3JJ9eazLn0sqzAxoiG7NKOe+ok/rQo1KwzSk4JLoful1w6jPGXEa9SF3XnT/wiDW6evuFf/Z8IunlHwWLwtuKCuFqSnSf1rD3SpVvb5qwi6umgoJUkpVPBKgK3b9om5SnpM7iqdSm/vlm9IEmFQJFOdSROFVkSkNXSMeFkZhhBBTbXj7KSDIPnKj+tTlCztx8Krfok6teS78OAhIxi4U2fbUdqsRHnbkq3+NcWX8qOvCqR64cGkg9+wppf0ySZ+EU4PqJSQRHoYpteXpSZ59YrFv9HVBfsi2OhLlyyWleZJAIjbmeakbLqVLK2yYVuKimO3JacQdRkHf05qR4eZRE7gU7fFWE0kySYcoAAqPPpU1y8ktjWZg8CoThJlY1ggVOMKcSgDvtXo+PVWefmY++ICdqObWQKQocBUVGjg5NdLMmqFQcj0NAU4J3oCCOaJdcImKwK4phq1AAkURzuaKW+U7ajQA9HenbYKNig7b16QRPFE+ImOZoHi6jGqmtGip6FHi7em1A8T0FEqcPE1wEEbmm3+hcUgxTnoaClcRvRKie1d1gx71S/Y4pdHzB6HtXF3jLzjduTot1DUe6gD/pUn6s5YusUwJeJtvIQvDmitwuK0p0DePc8mO/0pm6LtYpYIS9ZKU4y5qQpf8AwyBNWB1pRb2fTi9cChqunUW6CoxqBI/ODXNiTWVmWeqT7ozC6yCUL1gykQKHoKRrWYA3Jpxesra3WELUlQgAetIsREWjxaJ2QYg1u9I5ork6JblnJTeaLfxbfBzeaSAlYSoCe4JHfcVY+W+hGYbpRcs8tWYSCdC0NrGkH4pE1oT7LuVcHu+l+H4o7htssHQ2AUx2k7fEz8z6mb7scLt7dCEW1q0hKY0hKB5fYUYp8lZE4uLcWZHy99mPNd4lJu3HggiVQoJUB2AlNWLgf2WcFQlp3EbxRX+JfiglZ/8ASAK0O3ZqJlwkn3NKUWiRzFaJbM2r9lRYd0AyPhgQt3D0XSydSj4QTv8AMGpHZ5Byvhv/AOUwhsA8JWlJH5Cp/wCAnRpIBpDcMhMim97Y0qGK3wy1tUBLVnbISkbAMp2+Fcct9agrSkRxpAH6U4OADbtSVxUAxST/AGV7Cw2ladCpIjvRa20J2IFGF3SniiVuap3qQYS5AEpVuKJLqQJP4vgKA64pxcNqPoaTquQF+GVBR7n0rSMLKUW+g4qLhCUpJNHosHLgAKmfSj7LwAASnf4U9WTrB8sgH3q4wSZSxyYwqwUAyveOwrzeEW4I1Nn4k1LV2OpAUkjegG3KBKkz8quo3sKTGAWluwJ8vHekdyizWrsFcbVJbi3slgKdZRPuKb1WLBMtaUjtFU0injS2Q7EBboKg3ZrMTBPeo/fOOuJKm2EgpmQNjtU9xJpDCSskKA2JqIYtZpvUOO2jqWno8pUTBPcVnJJaQcfaIFi+NMMuaLxsW6h//Ifb1qBZpXY3rSyIUpXBSrj32qwcWZ+8hdnfWoBBIIIEk/Goy7ktptC3GlrVqBhCRuPcVnKKqxNV+RTV3hT7ai4674kHbV6dqbLl0IUUQUg7SOJqc5nsHGFFKgUnVpIPpUPcsXEqUp0ifQmspKmEaQ3FpR8yTv6zUPzNdrGIIYIJCUTv3qeOthpvxBBPxqvczuLVjSntDf8AuwmANxFZs6sKbVje/ESvvSdQSoQJmlhWVtyqEwNqToaG+qPlSNJQTVsRPNIBGnnkn1oslaUkH8NKygExEntRa29REntA9qtM5JY+LCUNyoHYAc70YlAS5CTzXW2yCYBIHrRqWFOEFKY9KOieLk9I54QXsBNGN2hkAxFLLe1UsCEiacWsPUvSnSIG3NKzX4/rsR2VmvWIQDHc9qkOH4eNtSZH50fZYS5CQkogHv6VJcLwtBUha949KzlkUezpw4OW2JsMwc60lTZIV7xUywvDwhKQ20Z99/zr1lh6iUKA5jtUrwrDHRAI83rXHkz+0d+LA/fQfhOFFWhahB44qWMWhSBwQK5Y2SGW0koEkb7U5I0pFcMpWdkU1sTKQltEgU0X7gVtG9PDquRTReNlSialdo2k7Q3JaJQr0NRPD8vJvFXVsgqStElCvQzU4DUMKJkbdqbMnAPY1eNpBIDGo/8Ar2/Q1usjVs0jG8E7/hGLEYhhrrltfNj+WdJOnYj1qV5XzPiGA4gjFMDuEeIn/fWy/wAD6R2UPnM0fnPClJYTdsiPNCwdzvUZVgt5bti9s0k8aq6YZFkimckIuKplo3+QMldcrV6/y+G8DzfaSvTo8NN0AJI/5vSe0/Km7I2TcWyy04ziqH7O4S95mSoaVKGxVH96guHZlu8Ou7fErdxVtfWatbbiF6DM7pJ9CJFaEwnG8L6gYQ1mXD3m1rd8r7RWC4y4NilYB23mumGbXGRw5/Ei5csfX6K96z4Wm7ydaPyFIauCHt9tJgz+VZG6ksKtswuWDMaQm2dQkCPxq3H5Vtfq7hng5NabUTouLxLTgA/CnQqD8Kx31NsmrbqQi3cOrw2rJaoVyAs7CrxpXo86dp8UaG6o3VtheRUtqAIvLZm3QruCWpFZtzMllyxuSgAJS3JBHp3q5usmN2F7lrD7Vtz8N004G/6ghLWkz39NqovFrpx+3um0KlKmliJg8URabbQTTjFWXx1nuVf+F2FpcJK7l6xbk9/5IP6VmLObZbxlEavMxqkmd5itBdTMYOK9PMusKbIT4tq8mOYFuBv+VUJnlaV42ylM6U2iRJHJJO9ONOTFlbWNIdMmuKRiGGXB16GV6l9ojg/Wt79Vb1vF/s3O3lusOgWVosKB2JCwmZ/fI9axb0yRZXeHMffngh4kAojkBW1X9g+KYpZZBxvLCEtOYNeuLWUrJJbXqBhAGyR7f5mXkdRpE4G+akycdFCtvJ2IAknTjVwkbztqMirCbe2APPxquOiNw45ky+cXEnG30KhMCR3/AL/E1Pg9KoSPjXBP8qO2G4aDLh2dpmm25UNJCle/NKnXPcmkF2QW1KVtFRxTdmqb0RnGltpcbWsDQCAox71I7JHhCAdtpqL4y4rxGlAGQr1id6k1j5kJUCYgc+tVdqjSUXDaJRg/h6JVG+0ipdg4AEVDcDKQsahxU1wzSkbGvR8dKMTzsm7scgqDRza0jekq1Amhpc0gd62MlvTFushO9ErUCJJJNBDpUn2opa471jZcQLpG9Fgx3op10k0FK5/ERVror8VoMU8QNqKLp1V5Z2mk5kmkv4LlxFYePMiuhZO9JUbcniul6NqKfZVtqxSp0CvB5AHG9IV3CUydqTqvO45qk0tCSfo+fXQW4CrF1tb5UwXXQlY41bGP1qRde9N3kNoB0+GxfNatPO/G3yqKfZ5w04jhV4fAW4pu5LiEAEKTHMfWpx1nw50ZPucPVb6VjwbuZ/CkKjf8658CSkzLyaTbRmy5c8J+VJUpKTG9CuXWlWF0QmJYXp/9O1KL7D7lm9KHGVJB3T6EUK8tUIw19QG4aUSPURW0lRnjb5Kj6EfZPaWOieEoXuR4alfEoFXkwlSUATvFUj9lR3x+jOHPgEBToPHsQPyAq7mFgpBPNZeJ+H/bJzr/AGMVIkgEnYUdrkAdqTpXuK6XQnff4V1WYBylqHERRD2ladhXi5qMzRK1FJptbGN9ydBIIFN61JHAp0uQhQkgzTTcHQrilWrAKUs8DimbGsZFj/s7PmfI4MxMd6W3V8m3YcuFnZCSQP8AiVExUMsrl7FL5V7clRUvzwTxQleyork6JS28RaBbhGpYE7/Ch4c3aoIdUErUd9xMU3pCrl1thAJPBA3ipbhmDttoBUgK25Iroj9dHU0sapnbVbTkfyh9KcEWrLgChANCRYoRwkD4V1bSmxKTTddotJVphja7loaQuQKC7iKkmFCk6XLjVsCRRd2pKUEkyfSnSW2Skm9ih25YU1rcI+ommp1q+dJXa6/CG527UQrCrl9wXOySDt+VPFjdOWyAh5PG1JfVmvx8VcGIE20tw8fNHeo9ieEpQ6txgwlR4mRUxuVJulfy0c0QrB0HzrE/Omo32c1pMgb2WLV1srvAh1e5SpCo39wah+OYFdWgWq2UFoAmAYIHtVl45hbzILtqsqV/wnaoXiiX7hsoLR2UQVA7zQ4sc0luLKlxrBry6W6FtwCSCtSZAFQPE8vONHSt9K9J4A2I9au7EcJuCkpSopABJHrUSv8AL63F6VIC1caQawlBkOkiosQtktsFPlChEA1UGaV+Fmq9bSZ8MJSROwJSNvjWl8xZca8LwWktoU25qVKIOwk1lvHLgXWbMbuAoKm9WAe0Db+1c8o0dOOXGGhU0pK24Irqm1cCZoFoQrbaYmBTzbWPjAK0dtjFZtr2bLG2hlcaUpQBnb2rv3dBBCuT8qkFzhRShSo4IA25pGmz0k65BBotDeJvYktbMFXlAntNKxh65SsJPPNLrW3E7pPptTra2SnCmW5HAg1DyJfkWsDW0NbFi4IGnbYbUtYt1pWPKSR2p/tcKWvZKSAduO9O9pgqG9wnzEyNtxSlOlZrHA2hvwuwUopKklPFSaxw4GNj7/6UpscJH9YIA5qQ2lmzqHl71wyzPo7cWLWwWEYYXCnsARUvsLNtopMyfem2zt1hICU7d6frC1UoAr2rmlbdnQoqtChMcChLbUBNHoaQ37+9BdWIgGilRXXQjVvtSV1BUYANLSIMxXkMajrVWaK48hnxM/dcPeejdCCaQdOLFbl9fXqknzJQgT33M0rzI6AjwEnkb/CpRlPChh+HNp0QV+dW3c1tB/Vto65YuGCr22J802gXYaNMyRNI8LwtDlokFHx2p7zKpKGUJggE7/SlmB2GqyQuZ2mKiEuKOCqnTK+zLkBjEGlPWh8J9I2gCCahOX8zZk6eY8pMKbB2ebIJQ6nsTtvArQTuHg/0zNRHPGQ7fHbFTqGf9obBKFQJroxZb1LoJY5RkpRLBwO6wLrVk68whu7Va3YRLiT5Vg9lpA5Hv2/TKHVzpP1AyVnm3v8AM2Av3OG3DrKW762QXG0hBklUbiRvx2k94meQcfx7IuZWrrD1rbeYc0LYM6XhP4DA3BrceUsStc24IxdrsJafT52X0BSQoEgiPSZ+vxr1PFcVKpI8Xz8Tgvmxvs+dPUfELC+YtV2hbK1OlRWBynTsKqy/DxZeCEQpSVAbcGK+iPWf7HGUOpDa8TydiLmV8a1pXLY1W7pHMoOwkbbfrBGNupfRHqt0gdCs35afu8OlevErBvxGEITEFRG45EnjvsJjo+Ddw2ebLyLSjLQnzPiNvc5UwazQsJU2GEmR3S1p/tVVZtZSvEmHW5jwIUo8BQP+tWBfXWH3eCsM2r3jFBE77pPuOxqCY0yp15KYOnn51iocW0XN2k/4PmAlz7rbwpJW3Chp23mr7yvfhzp+/crWdLrry0lQ7eQfrNZ9y84pBDSAZEEeXn2q9MLbbb6fBDJXHhKBCk/hPigmKJKzXFxTinvZZnQ9YOTL1xtQIcxm4UfjO1WA2TrE9+arzoQuOn1w5O7mN3Ue4SQKsJLulUgma4clctG8NKgD7kTH50guXNafMeKVXD0qgp7UguFESIn3qKZ0xVaIzmOCyAlSUrWdie1SyzUC2CTssAj4VD8fUNSJ5RMnuKk2FuB23bkmQkDjjahL6luVNIlWCOlKilUHiPWplhrogCagNipRWlSVFJSZBqWYTcTtMx716GB6ODNpkhKyaEkgjnekgekdqG24CRW8jCn2Lm16EkGgrIPFADoGxFBW4mIHzrAt9UEPEzNFJWRRji57USoTsBTQt2dL2r9a8CD2ohyUK7ig+IQdJNNWVx5ClR2pO45pHaureCUjakD9wv8ACjcmqsIRYJ5/Y+aDTZc3iWwpa1hCRyonb60zZuztgeVrYO4pco8RYlLQUNRHqPgeazN1J+0XiN/cLwjBmPCLYKXyVwNztBHf/Me9c/yW+KOiMOCuWkRT7NWIjDLW5tY1LdGsq7AKMH58fnVn9W/uzWSsTvLi28R5tjwAriErkc/EzUX+zZhWHIy89iN2yVXTYSkoIEEKKgdjt/Sn6fWwurJvMZybfYbhtiHLh4tzIEBAVqPx4owJKbo4vKTvZkvEVXalBp1jStobhVIbqxW5hz7moA+Grafapbi+CXqbhasTfbbUmZgzx2pvfGGWtg8kqCj4apPyromZ4fyNvfZOc09FMLQjdJ8NXm9wau+3OoAzVDfZKcX/AOCuFN//AMfhpP0URV626wQBUeN+JPk38jsWElMKn86At0kzXFrhNEl0fOuirMA9LxB2Imi3HF6pEEUVrTMzJoKn4TINCV6QWdWQqU6RJptvhCSZG3JpUp4kaieajmPYm6UqtrUnyn+YpJ3+G4q4x5OhxVjNjIRfOFsJC22pIV70gs9FvJTAB2maNubwN2yiVGePfem3xnHkt2toZffV4aJMbke3tWihqjbFaZOMo2JvEm9gRJCTPI3H6g1NGEOMpBCQQKZ8HsE4VaNWVqpWhpOnczJkmZ+dOgvCmAsVSjezolCT2xd4zCkypMH3puunUO+Rvmg3WIBSdCUz8qRfek2yFPLJMDgUONERg5CwXIskHWkKUeKHaMN3bnjPpgHcCKbLS5N+fGdbIROwI7U8/e2gkAoAFJLZSxv2KXG2kpAStMUhcZ8Q6UQfnRbrqnV6WjQmmLhpQcJJq+w+NrpiyztDb7qRM70peFqpG5AUKJGJhpuHRx60zYhiiSTpB39BQk2Zzi12J8YfaUShHmPG1R1zDGlDxHGSQadDcKcVqCZPwoSbpf4S1t61duqJ42iF4nhbMqcbt1wT6E7elR8YX414GW7B1S4kJSyZqznFpUd2/TgUmtklV2V77TE+9RxVdEKHtlLZrsZecYetv5iGlKbUtERKT+f+dYZvLJbGKYqy6nzt4g/vzI1mPyr6N9R22EY5YtrZbT4lt4qyE8+YjtWJeoeWThGdMwWZZTqZvlJ8vZJGpJ/OuTNF+jt8bHG7ZBLNGhSSBvxBqWYNa+IlJWkgciD/AGpgbtVA+YflUuyuhpR0Obkgaie3yrhnLR6EINU0OBwlxbYWpAiO45prfwxTa5UgAVZNlhwdZShLYj1jmkGI4Don+WQeTWcZbOj43WyGWtipWwSmQfhTxY2a21iEknjihjDnWyVhKh33pysFlBjQBFKW+yoxFlnajbgU7WtsUGQTJ70Sw42R+AT6inG2WlUbVyScuzojjpbFNvbKJG5p6sLRIgxJpHbJBjanqzSARPHwrJv9msYUtDjaNCBIAp3ZCUpgqApvYSAAQaPUuBU3bJr0GuukHyqmkpdOuK8tztQ2m9StxRV7KpBiApwgUoW34bRUTEDejGGggTFMuacUDdv9zZILjoKTB4p8UkdGDG881FCTD7MYzjP8zdpBkjmasm2ZQhAKUQANvhUXyRhAtrYPvCHHPNERE1LbhxFszOqCapu9IvyGuevRH8Ztf4i+lhJ4PFSfDrBNvbpbCYgUkwLCzd3CrtwHSNh2qToYCdo/KnVKjlX3djaLMf8ADQbmw1MkBO8U8ptyNgkUF0JZSdccUuJZSmdMsaMUTiFsy4FkgnQnv67VpDodb4xhuV22MUUDDhU1Ajynff5n/txVU4piNkcRQkpCyhQ253mr9ynoctmkNpCAEgBI4A9K9XxL4Web5mHlG/RMUBFwiYE0TeWqHrddrdW7Vxbr/E06gLQr4g7Ucy0tpI2M0pSQ4NK9jXoRVbPnckauJnDq59jLpf1LbF7gSHcr4q2tS0uWB8NpWoQoFI2j6x23ANYY60/Z86w9Drwu5mwF7G8CSoAYvhjCnG0p3MuAbp7SeO/Ex9b37PSCpImkNyw3c27lne27dww4NK2nk6kKHwO3erbUtTV//sx+OXcGfGfL97aYktK8PfDgJ2IVwQSIPvIIj2rQuFPNK6TpfcJ1G3cUoAAkLDo1e/ar96tfYd6f5uvlZp6dJRlXHUEueHbtgWj5PIUgdz7R9YNVpmTo9njIGQ7rD8ZwxLjSFwXLdepHhkhSlaiB3jf6xWU/HXHlB2dGDN94810x06OsG1yBZtLASpy8u3vxTql071NkBcykTTX0sy8tGScJWtpwJcaU750kFOpRJEH37VPrLCLVpIKkhSiO4rlnhtnSssVbIm5CQSRz60jeSXEkAR8asIYJaKOty1bcncakyBQmcItQ6Fi3SY7EbUlg9DfkR9IozMB0LG58yo9j35+AqVYSmWEEgglIET7VZWM5Ry1jlsGsXwtt3TumCUkbzMjvx9KaV5Owq3RowxVw2EJgJUvUPzFKWCMVRpHyOTSkhltYRAKhO3epPg5ARv8AUGo6WHLZ0tPIIUkwNjuO1PmEatMqJO2wrTFGlRORXsfQsAbEUY05Ktj+dN/iECJ2o21cGqAZ/tWrMHFPbHdKtXJ7etAUtIO1Fh0hMUAqkk1i1spJPs6te/FF+IByaA6pQBik3iEEzVRWx1Ww11zUdjxRC1kcHmk712kGBO/tSR2637gGm3RpxdWLzcE7Gd+PWoR1L6h4VkHBncQvblCbhYhlsmN99z6cU5ZizRhuVsFuMbxF5KW2UKKQobKIB2J7fGsCdXeqWKdT8yPrDzqcLaUUIT/xAGRB9K5M03N8IdmsIcIvJINz31YxjPuIXN194Wiwdc1IEkKXBHMdvaoO7crWUoQCdyTua4GVuaW22yEghIAIHJipLaZUctLP71dhIWpM7q9q6seFRjbZwZfJnK0f/9k=\"}');
INSERT INTO `student` (`studid`, `studname`, `studpnr`, `studphone`, `studcourse`, `studemail`, `studremark`, `studhostelroom`, `studbloodgrp`, `studsecretcode`, `studface`) VALUES
(13, 'bjh', 3, 232432, 'MBA', 'sda@gmail.com', ' hjh  b', 'h', 'O+h', '543534', '{\"base64\": \"data:image/jpeg;base64,/9j/4AAQSkZJRgABAQAAAQABAAD/4gHYSUNDX1BST0ZJTEUAAQEAAAHIAAAAAAQwAABtbnRyUkdCIFhZWiAH4AABAAEAAAAAAABhY3NwAAAAAAAAAAAAAAAAAAAAAAAAAAAAAAAAAAAAAQAA9tYAAQAAAADTLQAAAAAAAAAAAAAAAAAAAAAAAAAAAAAAAAAAAAAAAAAAAAAAAAAAAAAAAAAAAAAAAAAAAAlkZXNjAAAA8AAAACRyWFlaAAABFAAAABRnWFlaAAABKAAAABRiWFlaAAABPAAAABR3dHB0AAABUAAAABRyVFJDAAABZAAAAChnVFJDAAABZAAAAChiVFJDAAABZAAAAChjcHJ0AAABjAAAADxtbHVjAAAAAAAAAAEAAAAMZW5VUwAAAAgAAAAcAHMAUgBHAEJYWVogAAAAAAAAb6IAADj1AAADkFhZWiAAAAAAAABimQAAt4UAABjaWFlaIAAAAAAAACSgAAAPhAAAts9YWVogAAAAAAAA9tYAAQAAAADTLXBhcmEAAAAAAAQAAAACZmYAAPKnAAANWQAAE9AAAApbAAAAAAAAAABtbHVjAAAAAAAAAAEAAAAMZW5VUwAAACAAAAAcAEcAbwBvAGcAbABlACAASQBuAGMALgAgADIAMAAxADb/2wBDAAMCAgICAgMCAgIDAwMDBAYEBAQEBAgGBgUGCQgKCgkICQkKDA8MCgsOCwkJDRENDg8QEBEQCgwSExIQEw8QEBD/2wBDAQMDAwQDBAgEBAgQCwkLEBAQEBAQEBAQEBAQEBAQEBAQEBAQEBAQEBAQEBAQEBAQEBAQEBAQEBAQEBAQEBAQEBD/wAARCAHgAoADASIAAhEBAxEB/8QAHQAAAAcBAQEAAAAAAAAAAAAAAQIDBAUGBwAICf/EAEYQAAEDAwMCBAMFBgUCBQQCAwECAxEABCEFEjEGQQcTUWEicYEIFDKRoRUjQrHB8BYzUtHhYnIkgpKy8RclU6I1Q0Rjg//EABoBAAMBAQEBAAAAAAAAAAAAAAABAgMEBQb/xAArEQACAgICAgICAgICAwEAAAAAAQIRAyESMQRBIlETYQVxFDIjgRVDUpH/2gAMAwEAAhEDEQA/AN4CAqAsGPUYpSEkREgf36UslpITJFDHcgR6RQA2UhQA2CPrRvuzakbpkkZpz5YUJk/WgLREgCgBmlkkwEx86WFukfin2pYtAJEwfpXFIHHEUANvLIOQYoS0DhIg9qcAflRlNL5QP0mgBsWSBJG48wPrXKZSozEfSnGxQMxPyFGSgEmE5PtQA1LOYgEelctlMQkR3MinewgxHPtRSNpIj9KAGyW9xiMUbygAUkQPlSxQJwKVDO0EgfnSoBqWREASfeh8lPChzS5bJMgEUoEb0RGadAMTalKZ7elIKaWFQlMn5VLeUkpAIMgUTyByCAKAI3yVTO0n1gUoCY/CY9wPenSmi2ZIohSCIjFAAJAPIo2wEwBmuTCeBRoO7cZzQAVSBlJEUhe6TZaiwq01BgOJV+FU/Ek9jNPQltQxJPtSyEAiTk+9FAZbr3RmqaMldxag3VoDO4CVITxJquILTgBSZ3CYPOa3ItrBJCgZ5B4I9KqPVHQzV8o6lpCUsvmC6zEJV7gepOKnoDPihQnaOecc0mpgESRBIkU6WlYUth9pTTrZhxChBSflXeWI2kH8qYDFLJEygD6UK2VASRIp0tpacwKEJUtBChE+1ADEMt7QQkmKEMknIgfKnmwxAAohaI4GDzR2A0U18UKPHtRilQG4A/OKWU0DkTXFO6BxFHYDcIM5SMcVxakSSYHrTryyTO3FD5JXJIge1L+wGSmUkyINHU1OUgzTgNegMenvXKaA5H5GqAaraSmCBJPeiKaHYACnO0qXtAoXmwPhSJxmkugGnlSmAAAKKWQREEelOyzAEnntQFBzA4pJANPJTt3K5FAWkQV4MdqclqcFIn3rvLKRkA/SjfYDQoKwCU49qBTAKTA+kU7JO0wmT3ohBKeM1QDNbIQBBGfagLCkjcEnPOKdutboHPyoPKONwA9qVgNC1t571xRjbmnDgUCCE4oHGVCP9qTAb7AZBiaEtHI2/mPnSvlpI+LJ9qENLGYmKYCJbKP4efb5+1FLfKinvTtMElS0k+lEytWEkfSgdjZTaiJSMGuDW7CgBThYQMc0KUCCcUqHfoaqb+IpJxXBMSNs/SnGz/UIopQkHiQaehUxuWWz8WAK4tHlFOXmQsDYYApMoUhOFA+opB1sQLYkmIoFNDlPenga3IBAGO1ELapgDNAbexuEpSnOSaDyxHtFLrbj8Q95ouwETz3NFF26EFIAyNvyFBAPfmltu494jih8pAHcUqRSySEkoMEFIING8oJ9SKVxAAGaEJMEZEczS6NOXP2JBGcRFHCCDgfrQxzt70YNqIJJj50djceCCFJSfw/UUByYg0rCv9NdsBySJpDV6oIGSQYE0VI2DgH60sAduJodhImaC3G9piYQVjIHFCEOSRiDjFHLZUJBJihShZ78c0ExbWrEihKeEiZyYyaFTcDcAPzpcpxhMmkwD+FQijo1atWhLav+LtFCE4mIilIVIJkj0oxTnJ5qkr2UrW2egYSr2FG2bclMjsaMlonggj1o20QNxwTWh5YUkKTuHbE0GxRTun8qVBSmAkYPc1ziAo7Qe1IBCTPHPrXBGcQaXDSQINJqBB2J4mgdgABQIBgmhWPgCAOO9D5SgmRn3oykGIjjkxQITSlXAODihU0qfhTx6UptO4KjNKAepoBjcNLT8RP0oVIUROzj/mnBQCJiu29u1ACLaQZCh+lCGyScQJ4o6UbTgY+VHgEQBQAlsSon24o/4JIH6UYtnkiKMEYkg5oATEK5FD5UkkcUfYSIo4TtEHIoARLU4UJFAbdKk/g4pwER9aAAk4FADNVtt4+lAG4SAf5U+LcjP8qSLREzQA2U0rkAf70ZG4KjGKUUnn9K5LaeQMjk0AG96IElKioL57UZQgYoAFA/EaAIfXeltP1/at5Km7hI2h5BO4jEAnvxWdaxouoaA8bfUGwUpja8n8KgeM+ua2EAE0FxbW92wq1vGg80rlJ7H19jSr6BsxFW4gGCQeKENHaCAT8qtXUnQV1pJVeaIXLmxiVNEytrj15qttNhY3II2+4pJ+gESgg57c0OwR2mlNpMpAwJzHNchBGCP1oWtgIqa2YgzSZaT2AJNO1hKzGPfFAUGNgiKfaAb7AB6/Su2kHA/SlzgRAn5UmBmZj6UdgJlJFFMDBpZTeZ4FFKYwc0WAmlKUzA570VxKRB/i+VKkJyTzRdg5Jpd9AJLGMJzRdgJ4nvNLlHqKIpBjAwaNrQCKQlck4HtRVZlKJpxsCRhIpLylbpBoAQIIMQPrQgZnFLOyYxj1pMiOx+tC2AkUAyZ+lcoTg/yo6kwZUmhKCR6UP7ARKFAex7UAbPftSwSo8gmK5SSofEMUrVgIKA4T+tGH4oAz8qUCUjBBBriADiqaAbuhYMRNGAKxH0pXywSZ/Wg8sAwkRUpUMQU2QZSAr1oChfcD1pxMGCKMRGSMdsU2w6EUJUEQYP0pEiCBgntTgySaEIAGc06CxsoFPIGecUHkkp3BNOHEoWAAYFcUBAInFJh2hukLiIEA+neirSQMRNLEKXG3igKVAzMmgaYkUFUyB60TZHOKchAjcVAHuKIdp/h+VIq6EkpSDBSfrQEJJggEfKlFpSkQTn0FBtG08CKdA5a6EQ3E7TxRiCRSm1SZIEUB3TMc0MaVbE07uKPtUe0/KjttyPhpQNqAJAPHFRTRs2paYHlq4nFcpv+EImOaFJB7jd3zSqUkcRNBUOtjcJPBSPcUdKBtlIo/chePlQpKYmCewjmmTzt2IKaKeYoUrCBBBkUcpkwSc1xRJgCaNjSi1YHmGPh7+tF8oGVFZnmllNkNwY9opNLY2/EKRsnqkJjeVSRj5VymwFT+VL7EETtiugqVkADtTQ/Zv4CkCZie0Vyis5KDRgFDChM8Zo6RtT8MQeMVoeYEglEZNGRBOQRFGieBQQQZIpbAAqle2PWjAQeKBMcpBM5oSFSZIpgcUmcGhI+VckUJg8UAFHMxXEKiRQhJnmlYBEEUAJiTiYFDtk54o4SByKMUE5TwKAE9siIrkjbhI/SlUIJVxRlN5JjFACRk4IoyARzxSiUSCI+RoyU+ooAIG90mjBEYFKDdJArhifhoAIEpIgCu2RiJmjAdjxRgCORI+VABPLSP8Amg2gyBxShT6ChCc0CGzjAGRmk/LIBHFPVI3HPegW16d6BjAggRE120kRE04cYUn4gBRUpX/p+sUdAJJBBoZgmjKTJOKApgCRQKzvMKY2nnmq5r/RFrq6lXmkqFrfHJSf8twznHYmrCUAGYowSpOSIpUMx65YubO4Nrf2y7d4SClYgHPb1pPbmT/Kte1TStO1y3NvqVvux8LqcLR8jWea/wBK33TxDwT94slmEuJ+Ip4gKpX9gQSw2sEgdooEtFAME/KlkhDqQtqFJPcUJST3FTYCKkjblM/0pEoSVY4NO1JIkkx6UkdpJMCeKasBFaEgQVYHagG0iDI9Io7zYwQPpFFLY2iOefpS7AANhRJ7D3ohTPFHCVEwkmgUgDlWabAKpM94j1NJqxxSpSO4ohT60AE2Hk8VxxMUoAe4/SilOZinWgEykGRRC0FA9vpShB4oFSMRM81PQCJSUYAn0xNckKT8asUoQUj1JoE7SDOfnTv7AIrcSTmKCARAP6UoEqznFcWcApMGhJAIlJUQCDPauAUTBB+VK+WpOQqSa6HDzz2MVQCSkKBH9zXHInv60tBzuzNdsQB60gGpBJ96MExgnJpRSEg4FcdvYAfSk/0Owu3eNud3yohSR8J7c0dRIyCQe9FySd3J5osQnsPJNcqSkgA496UMgQKTyeZimVaCpgJ4g+lB5e47iTSoQnnJFcEg5IxQL9iJTBn8XoKDZIhIz70slCpJx8qFaKRaexsGpML4HvRktgE7gJzmlSlPpQ7EkgE0wvYl5Kf7NAWkwIE+mKWU2kGZz61ywkJ5zSKTtCYSAODHpQ7c/DxRwArgD3oSkAGii0xMpSfmO9GAITyRRgmE4GKFadwEQKBRbXQQAlJJye1FCQBmfWlUNq2+tClAM7uB6Ui09UxEKIkBJx3FdCucDtSgSkJKQkAD2rgkflSG1SsKW1DJPM13fIwfWlDHKu3GaDdPKfag0UtBFAg4iPlRNomeR6ClTsOAM+lBtntimgUm1o36REK7+0UYgdqIHE8kUpIIkVoeecAAmK4CBIoRkdqGCe4oALHeK6PWu3KGDRikkT2oAGMe5oySByM0CUxQiJmKAOgE45owQTzXITKsTSgSfpQByUgiExQhKpg/pRktgCZoQYMCaAAHxSAMVwBE5kfKjAEg5/SjBMiDQIID2ihA3Y4o20DtQx7GKAA/CMc0IBOSKHaKOBIoGF2p7CugHFDB5ijJbUTxQACUe1BtHYUrsJ7V23ORFACakQMigAgZpUpntQAD0NACakA+9IKaV2p4EiKKEzQIalEJ/DHrSK2zMnFP1tggikFtEHv9KAG+1I/FQlGMGlCgHtQbREAmkMTSFDjNH37QUQFJP4kkYNcUwNs49YrtmJApewKfrvQTa3FX3T4Q0twy5bFUIn1TPFUZSyh1TDyFNPNnatteCDW0lURHbM1F65oGldQIKL5oIeIARctiFpOIPvxS/oEZUoGYiilATmKkNZ0TUunXfK1JPmMyA3coHwLEcn0NMVbVH4VAj86dgIkHKgB9aFInI/lXFLhlfl7QO6oSPzNM3dUsWVbFXtsSOyHgT+VCQrQ8cmI/MxRCEFMASajD1HpTrnlW94gkfi3/AAR+fNNH+pUFvfblBSCoErgAkekGhBZNKTmIyKTcMAxz2qqnxC08ANqtXPPJIG9SUIPtMz+lZ71p9o3ROm71emq01L12GSuGLnclJzE4+v1706sLNnFyqIWhU8GBSi0kCVoIxPFePb/xv6x1lRfGtP2rLkkNJWoQfmDik9J8W/ELS7qbPXVutnkOvOLCgOwlWDmihXI9gqWkpkK45kUCVhWCZPrWIdM/aBK3baz6o0lDAeWAu78+dknumP8Aft71q3THU+jdTMuPaHqNveN71JAQ4neIiRAJnmpaY7JhSN+B9aH7uBkfnR0pnIHPehH+YU/pU1YwM8HFceYoy4BxzRSk/wAX8qa/QAFABkSZoUhOfX0oQnmDzXAAcjNDbYCYySNvFdtJwRH04o49xXKKgBA5pxATKBPAooQSSYxShQTnIoQggczHtTASLYVJmKIhCc9yPalDu3e1cpHy+dIYCmwoe49qSLRmJiloKZCe9F2q3SB+YphQTZ/BtzXJbIlRz7ClTKhEZFApOYSIn2pAJbifaKLGfWlFICTHNdsA/CIPvTKWhM45EVygVjAo5SO+T8q4gK9ooFv0EDZGIoFoAGSSPYUopJQBP1mgG0/Efr70i91QmBHFcQTyk0oACr2oxImI49qCnYmkTwK4pST8NKKRIBFBs+tHYJuIVW4YmKE7fn7UdQAEETROMwPQ0FrTO2TJFcBA9D/KjAAgkH6c1wgAiPrUlSlyQC/iBTI9MiipRtBBJ/KjgBQ7mKFv4fxRn9KB1S2ES3AMK/M1w3HEQKMUlRhJihgmAD+lOqNFUWbiDs+EkZzSwECvGnhh9t29sUo0jxU09KW0bR+0W9ywlE/xJHfv8vqK9V9K9cdKdcWKbzpfXbW6QpIWkJcG4pInifz9K037PNUk3SLDIia4T3MUUK2q8tzChR4nmPyoGHAJHFBB7Ga4K28UbcFK9KADgQJNGBSRxRcKO00oUgAQMUAChIOdoPvRlExjvQNiOCYo20E55HtQBwBAAPNGn2oEyTQwonIgUCBGeBRzEcGgQB8qOqAPWgYSSO1G2giuSD6YpQiR6UAEG3gUKUz2xXJQJ4o8E+woAAjsM+lCAeaOhIAma7aDOaBATIE1wQpXJ4oSCIkUdMnA7UB0FAHHcUKUg4Io+wAZ9eaGAcjtQK2JltQOKIAKV3AHjFclI5j9KAewgA4PNEWgExtzSxBnFCpIjAzQJPYxUiJxRSmBmnZTP4ufeirbngUDfYzCZEEfSu2k8ClSkgwRRSmkhiC0RyMUgtSU8804WFOL2I5iSfQV508fPtgdF+Edxc9OdONjXOpQyohDZBZYWI2hRnkzx8/Q00rIbrRr3XXXHSvRPTtzrHW2qWtlpqUQv7wsDdJ4APP9814364+0f1RqZWfDbSlW9mgnZd3LBSlXaMntHP8AvIwbqrxP6/8AEbWl9SdcXn7RfWsOMsuAi3Y9AlAwYnk5MT3ioR/V9fvh5V3qr6mATtYQragD5CnpdBGLe5F51Xr3xb6ifU9qvXl+hKwQq3t1w1+Rk/8AzUW1edZMEBnrPV20qPCX4FV60RdtK81tx2DySSal2nrtwJSSd3pSLpEidd6vtVy/1ZqNygGdrzm6faeaFzxG19KPuybS22hUh3zFhX6mo1xS0ph1J7QaYPttrSY3CaBhtS6k6l1lsWmsdQXL7M/ChKtoT9Rmmdto9o3hBBmTJJJ+eabXFq4kb21GfT+tNy9dNJA347UAWW3smEJELlY5BGadqcDKkktyI7ADNU9V9cABQWZHImlmdZd//uJXtHc0AWR/VGXtzbonYICVxn6030fq7XOjr9vW+m79dtcMOBRQk/CoCMH6CP7FQr9y3cpC2/h9yc0zU8fwSc8zQB7q8KfFXR/FTp5OqWBDWpWwCb60J+IKjKgPQ1c0LKzuSCP968B+GvXNx4b9aWfUDRH3Z9aWrtIJEokTI44H6V7r6d17TeodNZ1jS7pD9rcpDiFJIxxgifek1YuiVgkzE13uTQJUJIBo5Sk5k1NL0MCPQV0egn5ijhAJgZj2oVICFEA/nRddAIEdxXBJPvRiAnJAoQD2mKEvYBYO2QM0VIV/EZNKEj2FcQTmKaYCcCc1y255FHIEyRRVSVAkcUkgA2gJii4nERSpj0mg2wMYpgJlKQZ7nmuUkngUoQABHNcZwP6UAIFKUiCnPrXFPwyE0osdjQASBgg+9IqO2IcHIz/KhKAoSTn5UopsTg5oS2FDBgc0DXYQJATPMUnJPAgCl0oIP4SRQEA/CUkUFOwqUznifeuKCkkAYPNHA3iCM+tKBOxGVTQC+huQQMUYJBGTQqIJlJ7ZoqgtJn+QoKu3sMpIAJoiAmCFJpUJKgCcih28fD8scUmWqe/YiUCITM0YIMQflxSoEiDxRSg7pSTn2pFvemJFtW4mY+lH2AxH/wA0bZkFSifcmjAFPJmgt8ZKmJrSTjj6UITsIAHP1pbYImaCIMAcU1seukfPO31QNvFi8Yct3kqKFs3DZQQpPIyKmendc1rpi7RqPS2p3GnPNqKkeS7CMgDI7jA+n0r6GeJn2fPC3xQaL2saIxZX8KIu7dJSsEiDJHPb/wCa8l+Jf2OPEfw/KtR6Nv09QaOlCilMjzscCPU5+vsRGt7pHlNf/RfPC37bWq6eq06f8WNLNwxloapajaUgQdy0+gnt6THMep+i/EfonxB05vU+kuo7S7adT8KCsJWDPCknIPt/Z+V7l/dabcfcdasbiwfgSzdNFBJ9BPP9+hqU6b1/V+mNROqdJ6s7priiJ8tRg5BMDgcAfSpcdlo+sYkSFJgjkeho05xmvFXht9uPV9Eba0zxP0n740Ia+/MBSlRPKv5k/wDNer+jPErobxB0231XpDqO1vWnwPg3BLiDEkFJzI70W12FrotKeZNKtyo5OPlSCVYCiDByD6ilEKSTnNMY4Agnbx2o0SCDRU7QMGjCORQAKQOD2o2TgcVwgZNCCRkCglHQaOPcYrkKHpQn1GaBnSeRQgzXBJGYo+35UAAmlII5GDRQIEilEGQZGeM0C9BUo7z9KNsHMUISCTR9hAwaACRJijJSBgj/AJrojNGHxUA2cYIyKAd8CjEcDtXKECRQFhNkTjBoUpgwBgUi/cpbTnmmydRA74oAflEUKcDiPpSLN227gYNL8jFAgimwTPFEiDCUyKXgRmiKTAwKAbsQWyIkd6ZXAWpXltxPJJMACnjnmrPlpgHuTwB615L+1p9qVjobSrjoboa98/WrwFl1xuJbBxJHYCmlYnKtLsi/ta/a1R0rbveGXhldJuNbuJbvLxBlNv8ArzzxXh5u1cQ4u7v7ld3ePrLr7jiyolZ5yaKUXG9y8vrv71eXCi488fxKJ95rguckSaG7HCHHb7HP3l5ag2gQIin1rbrah0pBA95mmFuSV4mfSp1gFDaApI4pFh0uHaNyUgdgKAXZaBII9qItYCo24/WkHlZ2kAR3AoAO5qyAkJeQkxGKSVcMr4RtBHaiptEPTuAI4zSn3Y7fh5SPzoAaueWJMEio+5WhUhPAxFTzYQEypv4h6iKjNQ2JUoogAzIigCHUsSZSY9KTweRSjm1SiUnmk4IoAELUnG7FcXd5yTNJkqCuK75RQAoqHElDgkHBFaJ4T+Iev9Gu+RYautloKHwrJUAnsAniJ5rOZkUtbvqZcCwrNAmrPdXQfivpfWtkm3UWrXVmQA8yViHUx/mIPofSr6y4lbSV8BQkZB/lXzw0/qfUNI1FjVLR1SVtbt0KKdyDykRW6dCfaBf0mwRa6s61eaYHATvUfPYQTmPUDNTx+gVo9PoUlSscUdYEyQRmqt0x1dpWusB2yvmHgpsPoKXBCmzEHJ9/5eoqxN31rcpUWnm3Aj8RQoGPnFSwv0H+EnJMUcmE/CQQfaub2LTu3JUPYzQYnNFDOCEqSTEH50EYjNGIURGZoNsgA81UUABRt5oPiPaRR1NkcjiughOBStIAMxkZ+VEhRyocelH3GZ+nFG2mJP4fanYxLA+dAdsc5pRYSRGyD86T2EnigOziBE5n0opg9oPrSm38qCRMEflRsP2JFG0TkxnBowAMk49qOBJmu70ui+3YmZ3QM/SikK3SaVJSTmK4pE84oHH5CcTkQKMkhQIAOK4pkQO9CfhGBn1iga0wEo9UgGuUhKuRRwRyRQRPeO9CdjaroAJCRA75ruTRgn3oD8JjtQKjgMwa4JTOTQlJIntSiWkx/wBRpUaL5MS2CcA0ohknMc0qhlUySPqKXtbK6v3jb2Fm9cuASQ2mdopUzTrbGhZI70AQEL+JaR81Vd9N8Ltbui27f3tvasqKVFABUsg9ucH6VdtH6D6d0QpcZtTdPJkB24AUSPlxFWkSpbpEI1cJdZDzCgtKhyCCf0pxbPuNp+A4OYPFeW+netdZ6ceR+zXyWEkfuVrUUfUdz2rUulvGjTdRcRa6zbGzcUkDzCsBBXPEngc/3NPrs4yd6/8ABLwz8T7co6h0Jlm7OE3jKPjTJzn9ZryV4l/Yo666LS5qnQmpI1rTUg/u3SA4OIwPY59/YiPcVjqljftB22uGlj1DgzT1p55pYU2spjMcj1+tMTirs+Sty9qWj3Tuma7pdxZ3LZhxu4bKQccieR/fY090LV9Y6eukal0prd1pN23K0LYc+HP/AE8EGIj0+lfTPr3wk8NPFCxd0/rDpi0fcdRtTdITtdaMzKSIIMgH6D6+UvE77C/VGipXrHhjq6dSbSkxauwkkCOR6xPHJ+kVpkO7pod+Gf24epNEUxpviZpqry3JQld62fMWQOTAA9yfn849ZdC+KHh94l2LWp9HdR29wl5AV5Digh1BP8JSchXtXy21RjXOnLpVj1LpD9g8hXxJebOwH03ED+/rR9Iv7nRtRTrHTOqP6Xegyl21WU/EPUcHgCPYegpNDuXa2fXRJLaoUnaR60qhaCYrwn4X/bf6y6ZTbaX4m6f+2NPS2lCtQEl4ERJ2jkkZJx/OPXXh14veHHijpw1Ho3qJh0432z58t5sxlJQcgjg++KWyrTLskA5mj5iP6UkrcgjcIBEg9jRkr3DBoBiiRGTR93w+lEQfXNKfD2FAWClUAzRkqxImgOwjAJoWx34oAMkg9+fWlUpgZxSSU/F6ilRkwMUC77DQeYoeMzQgmK6JxQNHCT2xXbD8qNISIrhxQDOMCuUPhkUYmUgAUBQYiaKI5L2QeoqVJIFV+5u0tXaLN64/8Q4guIbE5TPNWbVUbEFUZ5qsXen6dq91aX7yF+faSErbURuSSDtPqJSDHtS97LE2+oF6ZdNC6SstKWAtU8VeLR9LzSXEKBSoAgj0ql6npdlqiHG33A0gIUpboUE7B3VJxisEtvtwdG9H9W/4RTod5rug2jpYuNTt1jzGSk7VYURuCcknsEmYheyf9VbFXJ0j1sQeZmiLUSmBknApG21LT9QsLXVdKuRc2V6ym4YdE/EhQkY5Bzwc1WPEnxDtPDnpO86guF2/37yVGwt3nAkOuAe/H154q4/LolvijJvtbfaDa8JekndG0a5ac1u8hCWQdxXPMxwAPp2xNfNS9vL/AFS/e1jVrp1+8uFqWtS1lRzwJOas/iR1dqnXPV9/1Tr14u4vbxYXAy2zP8CexA4nn1qAs7Bd9KQFEDlR/wB6qTXSHjg1t9sj1KKQBMml2UBeIzxzU0rp/T2kFTqjuURtlURTRWkpbcBbUsjJxmPas+SOhYMjVpHWy20qTuR7ek1IuOoKBtWrHrkU2ZYuUYcs3ygfxBsmnLdreOfFb6VevJPBDCj/AEpfkgnVg8ORehJVytY/D88UsD94IhHFSDWm6o4hCGen7xtSud7KkgfnUhZ9HdWXiilnp96TwoqEUPJFeyl42V+iJQxuHwgCTT9nTNykFK0hJ/EVcVa9L8G+vblpS3NJbSomElZMfTFSVv4E+Jtw8lAtrZKFdgFH5dqz/wAnH9mn+HkqzN9YtGGVKSy6HFcmOBVbfacWr4WVx8sVv6vs69dNoULltnJkqCDug/Om6fAjUbZtW8XBWEyQ78Ime3/zUvyoJ0ax/j5y3ZgJ0+4KpFssiYKwmADQq09wJhQyfevQtx4Ta0+pLLunwwZPwkHFQl/4QXqXd7jKEJbB/ADJHv2qf8uBf/jJvow1dgshRAyJNMlNKSZ7/OtqR4bPsLdW9ZA7hCDPH+1Rt/4b271qrfaupegwUkhIPar/AMmBlLwMsVdGS5GaHdJxU3rXS9/o7gS40XG9s70jAPoahPhzGYwa2jOM1aOOUHB0w6FFWfSnlneKt3QEfhUIUnsr51HSU9oo6VgR2NUSWXS9YvdDu2b/AEa8ctXmjuACjtj0InI9vl7VovTvjr4i6BeI1MXlreiAHbdTUJdQTlJM89wfaODWPsu+vFPUPubYST+c0AenulftQ9P3F+LfWOm7rTEvkBZQQWwomJTkmMz8h863LTtRs9VtG77T7pq4t3ZKHGjIj0PvXz2b1FanEhS9hTyR3jivSf2YvEewvLN7pDVHm7a4LsWo8zd5pwIMn4eIHb5cUmhXTPQwJgAgEDvQlG07gARQJSUKKV/iSY4pQHd6ipGECSREjNFAAMHNKmAYrgkf6Y+tDAT8vefSc0UgiQO3NLSJj170XaJM0qGIrTxBmaFSSowR9YpTYAfUUAO2SOKasBKK7gSRHzpQ7VRz75oFBMbczwJoCxEZmMVypgjANKgJSmFd6KUpJkfSmO/QUJAEzJrs8kc0Y7DymKDBxSKj2EmO+KCSo4GPWjGZmKNtCsgGgLCwSKAg9hNKhuDyZpRLKfxEfpQVfsRDaomMUZDe7EU5t7W4u1Jbs7d24UogANp3AT6+lW3SvDLV7ob9S1BmxSBwhPmK+UYoqxW0ynhlKVAKMH0qX03pPqHWFti10pxtlX/+Q6AEgTzHPvWmaN0N09pTQSbNN87IJeuUSfoKsaEAISkYCRtAHAHoKZe+yi6Z4VWVu4Hda1Fd2oH/ACmQEtkfOZq5ado+naW0GtOtUW6UiBtJmPnTxKR2o4TiBVDu+xPyx3MmhCcijpEHIoTAOKpGkWkeQ9d8ItVs1G60K5Q+0tSlKadTBCf+kiZ/v6Ud9h60LjF/alt1o/vG1pMpr0P0x1d0z1lYt3/TersXLbgy3vAW2fRSeQfanurdN6RrCSNR01oqcA3LggkEflx3qL2cNnnnQupNX0Mo/Zl7sbS4HPKWNyVe3sIrUumvG6zWhFt1MhbDgSStaUlSZ7bY4AHc+5qL6j8GlsB276bvEKSkFQZc544/If3is+1LTdT0W+DOpWhYUZiQdpEDv9adWO/R6g0bXtN1dgXNhcofSRPw5gH1qUZu1IUFNKjvg4+VeTdL1bVdJdLmk6u/aODIShwhJ9iO4xFaT0/44u2y0tdT6YS0EjdcW+SpRPJE4HrH+9LoDUOsfDvoTxGsf2b1n09a3YAIQ6GwFpn3+efnXlPxQ+wbqlgl7WfCvX/PaaSFq0+5gKUScwR2jt2yPSPV+h9W6FrzX3nS9TZdTITBVmT7dqnBc7FShZSrsRTT+iWrVnyf6i6e6w6Eu1aV1loV3p7qFbfMdbKW1CB8SVcEGefb5wz0u+udMvxqvTWqXGm3za9yH2FFJ3e/rwK+rnUvTPS/XOnL0rrHp+z1NhwD/ObClpI4IJ7jn515g8UPsGWlyt/WfCbqBy3Ufj/Z12ZSP+yP5e8elOyHyTpq0Uzww+29170ahrTPEnSz1BpkIDlyjDyIiVQMSe/An2mPXvhx41+GHipYt3nR/VDXmLSgqtboeS6mRxtVmefqCK+Z3V3R/XXhvqP7H646durJalrQl0NksuAdwvjP9jBiDsXXrTUGdZ0K8XZXjK9zbzS4II449/5e1DRak31s+xJK2ztWkp7ijoKfWvnz4Wfbe8S+hkt6X4h2aeqdIShIVcRtuWkAgAg8KMczGc8EgewvC3x78J/F+0Q70n1KwzekBS9OuleW8iexB+R/UUhWro0gH0H1o+6aTUFNGFp2/wAqEKHagqhVOMk0okK5xSIjilkpKTzigkUBxQgT2iuAMUE9jzQHoPjiKMAPQ0UY70Kc0Cug8A8CJoQn1rkyJmuBpoTpsY37AWkqPast6mub3pC6TdPuPvaa+pIS5iGVzwqOBnv71r7iN6YifaoDVtLStpxl23S/bOja62oSFD3FS79DvVGKX/V9xruma105aXSEvXtm8xbOrUEgLUPhIM/7fOvI3h54b6irUnOmnNDul6044pjyltFKmgokFUmEkH6cdtpj1d4i+GVxoBPVHSRecs21f+MslKlTQJHxtkngZkenyqC6e6g1hS7fVbG5Dptlb2lEhW7H4Sa58jcvizr8fyX46dLbPQPSGludLdKaR02VeYnS7NDeB+FIE59OfpXhT7XvjKz1n1q70907qq7piySq3dU2qWhB7HscQR6ggzAI9A+On2iLbobw4ec09DiOo9Rt/LbQpe3yXOCr378/0z8/UW7jpK1qXcXt04u4uHVKkqcUZOfrXXFKEEci+crGum6S9fXadPtEozK1qUcAVfNM6QcLbaUEhlohK4E7vlUr0H0pb2GnpvH2UquniTvIIUQTx8qv+nWgYbSkpSJ9BXneT5LhqJ7fh+LF1OSIXSfDfQ1oR51u3cqKt585JUfl7f8AFW2x6F6daIQ1pjSAf9KlD8s0+smmwZSqCexqbsAgECM15c80pO7Pfx4oJdCWndD6C2Ic09DpkQF5irho/ROkqUFDTWEpA4Ca7SGkKKdwmrvprbaEAAZPtRC27bJyxj1REs9EaKTK9OZVGRzVh0npWxcUEpsmUbcj92M/nT22bStYSBVo02xShCTgk11KLk+zklGK2NLDpnTEK8x/TrdW0fCNnf6VIPN2yISzbMtx/obp2ttxtJAER3qNcU4XTPM12RgoI5nHlsitW6X0/UXFvOocPmZUAoiKgn9At0ui2ZYbQhKiJjJ+tXYgqMKVFMH7dpKytUR7Vz5ElLZ04uqKZrOgsGFpbQmMAAVU9R6dZKyS0ATzHetK1BsBBUqIz3qv3iWighX0rmyxT6OrHKqM2v8Ap9jaUhpIB9qg7zp9jYR5SMegq/34QZgd6r18EhKpxXLtHRwUo2ZZrXRVndFzewMiMiaxzrLwmum/OvtHR8SfiLX+qvS9ykGRgzUPfWKHEEbRmtsWeWN2ji8jwceSO1s8XvMusuKbebUhaDCkqEEUniflXoPxE8MrfqBld/ZNpt9RbTKFxCXAP4T/AL1gl5Zv2j7ltcsqaeZUULQRkGva8fOsy/Z8z5HjS8eVPoSQunTdwEpCR6/WmWUmlEmRP510HOSVutlSx5sGae2109pt4LqwvHbZwx+9aVtiDIJjkYqFDhJxI/WnDDwBhZORQB7P8D/GlnrjRkaJ1I62nWtPbSlTqlAfeGwAAuPUmtdD6BAxBEyODXz66N1gaFrLd00FytIQ0ps7ShwkAKkcR/fFe4eiL4aj0/bXalFS24YcUTIKgkGR2zNS9gWgAHMVxSodsVw+EUJJjJpbAKE+1dAgpODQqxxmKApk8UgCEAY2/wDFBsBwDHeKUVjuPyooE8ifpR2AkYSSCMz9K5AklShmhdSSZiD8q7MAHHy7UVQ60EKklRiuUCrIxHagVIOOeKMiFYJ+tUtBQUifQUGQccilFBKZJwByTS1va3N0v7vaWrzyyY+Fs4+tH9jTaG6EFRwPzoYQ2oBSxunCRkn6VctM8N755KV6tfi2QpM7GhLgnsfSrhpPTeiaOlJs7BtTiYPnOp3rnuRPHb8qRT6tmcaT0t1FrJSq001TTKhh98bUz8uauml+GWlMLS9q927euAA+Un4GwY9sn+/arWjcc+tLJE0ylpCVlaW+ntC1sLdNs0P4UT+tONgn4jmjJRPajpaMzTBu1oO0kAcUpsBoAAKP2qqHtgJwNvrRkwDmi7kgZNEW+hAncKd0UloWUoc0XegDPFR72otgE7gI96jrvXm0/Bv49M00y1Gz5b6TcX2k37epaHqlzp902SC4ysjcP9JHcYH6egraeiPtT9YdPKTYdY6ezrNmpQCrvcfOSIA449ePbsTGGIWVqwfpNOA6oJj+lR2cVHuvovxb8P8Ar1pDuga6whbm4/d317HEkGCmDmR/xVrv9OavWjbX1qhxonIUAQf7/rXzqQhCVouLVamLhBBDqDCuQZ/QfkK1Hob7RHiP0W5b2+rPK6i05JUlaHVkOJSciP75+eJqtlHoTXPBexuybjRNSftisncy6Adv/aQJj/f5Vm+tdO67064tOq6e6GmV7PvCR8I9z7e/FaR0D9oHw669caskaqnTdTdG5Nrdgtn3gnt6d+e4rSV29vqFrucQxeMOckHehUfoad/Yq2eYbC+uLV5RstRuGFTktOFIJ9wImtA6c8Zda0pIY19Tt4yhOXAjc4TI9wM1aeofCXQdZTvsnVWD4ykoSNoPcR6e1Zv1F0D1J088UrtDdW5yh5qOIH4gJjJ/sUdi0bv01190z1GtKLHUEB5YnyXDCx8was7dxtUSCUEd5rxwFobWFt77e4bVHwylYjJB9jir5014wdU6MUM3/l6m0B8SlghxOPyj++9CsH1o9Da1pWg9T6erSup9GtdUs3PxIfbCie+D8815o8TvsH9J655mr+FGonR78qn7g9lhfsPT0j/YVs/TPix0n1IlttF2u3ufLC3EOI2gH/SCeTP9fSrs2uUhScyAZBBjExj500/ojgntnyz658MfEXwxvhp/WnTT7HwrUH2wXGlRyN3GAZ7Yz6xUbY2jlyNQ0u6VaXST+7ubY+WsEe4zyP09q+vt6xpuuWR03qDTrfUrNRy0+jd37GvOnip9hjw/6x36n4c6memdSMqNsUA2qjMwE8p9MHg+oBpoHa72jDPC37a/i34dIY0frQMdY6TIQtT5CLm3bTAlKhAUYnnv6AmPZXhV9orwj8YWlI6W6kbs9RaSkv6bffunmyRMQeR7iRgjkV87vE/wR8V/CG4cT1f0u+7p6QNl9aJ8xhQwMlIxyOYHf1iiWzlpd3AvrO6Xa3jI2BxslDjZ+Yz2/T2pVQJ3pM+zhQ6ydryCCeCeD/vRkL3cmvm54U/bP8YfC1lvT+pnf8Z6K2pKVNXBi4aQCMpX/EeTnv6A49l+E32nPBnxlbDPTvUaNN1ZAT5umah+5cSojhO78Q9xPccigaaNeScZFCCD2pFQcZw59CDIPyNGQ4IwRNAlrQuMjIowEZpPdNAHMhPc8CgG67HG5IHFEJBNQvU3V/S/RdgdR6v6gs9Jt4JCn3ACoD0FederPt89E6Tdqs+i/D3V+oylzyzcLcTbtTGYkkxmOOcdjDoSfJ1E9SbweOa5aUrTG0flXlmy+3r07pepWFl4leGWo6A1fbVqubW4FylhoifMWMHaM59pMCSPUNneafqFpbanpWoNXthetJftbhs/C4giQfY+oOQam1dFNV2IPWdvlTjCVSCCCOR3rGesvDP9m6grV+kQoWz6wm5tCYDUwN6JMARzW4vlIQrFYB9rLxOPh74c3bFnubutTbFuhQEHc4YEHt85Ec8SapQUuzOU/rs8YeO+u3PU3iBcaHZvIWzpiwm42ub5cAyB+Qn5d8Qy0DpRmyWi4uAp11YB5wD7imnhr0847buaxfKHwrO0FRKlLUPiJ9c/2KulkhTbgKSSRia58mTim0el4vjp0SFuyW0JLiMgCM8VIt3IbRCc0xfW+4AlIAHE1I6XZhe1TgJ+YryMnds+hwxtEjYi4cAITVl022dChuGaY2TAChtGBxVj09GRArkcvR3QSaLFo7KQEkp/4q36clAUNwqt6ShUpBH6VbrBgKIG2tsL9GU9dEhatp84EERVrsEKU2C3kioC1sQlXeasekJNsnKZmu/D2cmZi7hf2wUmeKRdtlwFgZp05eJKo2x7U7aCXG9yh2rpfVHNtlbd3JcKVCCKj7pwSpJOKtd/p7bzJISJGZqnaw05bMuuoIWGkFRA7gVyZOTOvFxoYXhBEA/DVX1RxaSopPw1LffVPtbkgwfaofUEhQUVHtXNM6NFYvr1RUQQRFQ14sOp/FmpbVGwN2Krq1HeUya53+joi0o6GbrZ3SDmm7qJEKFSCkwZpq/tIqadib0Ql6wlSVAgcVjviT0L+2HFajYNhN8gfEP/AMg7A1tz7YUDNQN9pgdXuCf0rox5Hjdo8/ycMcy4s8j3Vu7burYfbLbrZIUhQyDSIO2t/wCvfDaw1xj72wkW962PhcCcLHor/esO1XSrvSbxdnet7VgnaeyhXs4c6yr9nzmfxpYHvoaJUSOKUTnIpIEDB4o6CAfaug5x9ZvEAhKoVyJJ5HHFew/s09ZW/VHRo0NQd/aOmAF5azl2AE7v0rxy0EqA24NaL4YdSXvTXUljf2Ny6y47cssEJVCVJUoA7h3wT+vHITA9zshQSArilSAe+aZ2F4i/YReIcSrfhUCM/Knkjis29gGnYk0QqHeuUYM5iuIkYGaYBVgnIz9KFM/SgIInePlXAgDcVYPFA0AQo5IrgkngYp1Y6bqerOlmxsXVkRKimAPqatWm+HiMHVtScSO7TKc/Ld/femg9FIC0KJbHxL42JEmfpU7o/ROu6olN0ppFjbqUQFP5URH+mtFsNO07S0bNOsmmv+vYNx+Zp6VKWZWSo+pNUBWtL8P+n7MeZfM/tF+Z3rUpKR8kzg1ZmEi1b8q2SllA/hQIArgiT6RSyGsUmNCYSVkk0shs96FKAnk0qFJAoqg2zkt0qE7QCBSXmgd4oFXCRMqp2U1Y58wAZoQ4AJJqMf1Blr8Sx7ZqPueoG25CFAkc5otFJVpliXctoH4gaav6oygAFwAmqlcdQdvNE/Pg1FP6w8tRJIUeU9po5GvStlxu9fbR8KCSo4GeaiLjqVJKkyrjFV4vXNxG5O0qMQM07tOnr+6XKv3QgECN00Nt6LfFKgr2svvFRUISTIHemwXePE7VE7vTtVntOjXDClhPqSO9T1l0xZMkKNskkdzTVt0KLS2z5QMkeWZkESeO1KlW3M5PvTcqE4B96UKklQ2JIBoOIXQpPvPrTltyIlRBFNEFCREfI+tKA5/DS/sBR9i0vUpFwwFkcLkhSfcEZH/Aq49C+L/iP4cvoRomrq1DTW0BP3G7G5KIPKD6xMDjMccU1JiCBzThM7ZJAA/Wldio9X9Dfao6E6jcbseqmXNC1FaAT5iT5RMEq+I4j55gH0NbVZ3lnq1oi50m9t723WncFNLSoEH5f3+dfOfaytYK0hcTBPIqb6T6t6u6CuhddHa87aMKWlTtoslTSgMYB4xj5Y9IdbDZ7c6i8P8Ap7qQBK2XLR1JJLjMTxwZGR/fNZbr/hL1TojjjuleVqDCDIRuCXVp7qA/vj3pl0L9ryweQxaeJmjfdFR8d/ZgrSmSB8Y7R6+mfWt26f6h6f6ttUX/AEvrlnqCHU70Bp1KlRzBAPPtRexa9HmJb8LUzdo8tUwttWCD8+2f1q09M+I/VfSbyPu94b62SClLN04VBAj+H++9bjrvSnT/AFOym21vS23NpklKQlf5/r84NZV1D4I6pp7L9103em5abUSizVBWETwDPYf1zxRQJ72X/pLxm6b6gW1Z6k8jTrx07fLWfhBAnB7z27+1aCw8h9KVNLStKhKVJIIP94rx/f2Fzp+NTsH7dSMlx1pSRjvJFS3TvWvVfS7vmaJqIXalSVG2cUSmQcwfl/fodAes1utXNsuwv2Gbu1dSUOMvo3pUk8iDWBeKn2I/CPxH+86r0q470hrjiZS7aj9wpePxI47R2MfIVYtC8eNFudjfUdg/pzi17AptJdR/3E9hn/fvWn2uoWt00HrO7ZfbP8Tawf5fOmmTKKfZ80PEz7PHjj4KuvK1zpxWv6KgDZqGlpLp2/6lgfh7T278ExlnmaJrDgeZcLN40oLQpJLbrapwcQQZAPqCPUV9k2L5flKtnAl1lY2racG5Kh6QaxTxa+x14I+Lfnai1pqulNdcUF/f9M+BK1Y/GkYPAHrAGZAoFtftHlDwq+2D44eE6G9P1O6T1poaT8VrqLgS+2kf/jcAyYzB7+xx7M8IftYeC/jI23Z6Xrw0LW1KCV6Xqf7pW+CSEKVhQEHj3HIrw94rfZV8c/Bnz79vTUdXdOtqBbvbEbnkI/60evyxx64xcPaNrG5YBS+0QsiC24g9j6gyJHfFDBb6PtRd3Vvptk5qOp31va2TSC4u4cdAQEjkz3xXmbxT+23oVi/ddMeC1gnqDVW0ltepOAptmlf6kn+KM8fL1rxKjrzrDWNFt+kep+s9Z1DSWEgIt3bhRwEwBPMZ449smrz4Snw31TqM6P1N1I30/p1ox5qkFfkhxMAfi4AH5THyVM5cFopRTfy6JLVr7qHrDVP8QeIOtv6zfrk7VEpZYzIS2jgAY+ZE0xNtbffksBsQtYhMTOMcVePGPw80jw/sNE6x6R1a7v8AQtVWWXPMeS8hsmPLWlY9cgp5Bj0lVK6UtGNX610hlS5K7guKTu5CUkn1is5N+zbHFN0iD8abwtagQtuVDSmER2G5Sox2xX0k8D9IutI8E+gdJWyfMtdBtkkRgfCIHtggflXzu8TWLPWOodWLLakFixatgCYyhvnj35qS6m+1F429b6Ja9O2evtdPaPb2jVobexRDjgQjbO8nckE5wZAJzJKqcVTM8jbjxR9H9X6n6b0jbbav1RpFk85hLT94hKziY2zM14a+3L4oaT1d1D0/4ddOXTN4W3G7i8W04lYSkQUAwcSTOOYxg7jRPAPp6z17q97UNTLt85Yt7nHLh1TilmJVyTzA9uPQRnDOoOdWeImr68FhYur5xTbsQoMoUUp+fAH0+QFflTbiiseGpKzUNNbRaae1YIgFlISraME+tSFtaynIicExTKzaUUpUVFR53cyPeplgoA2yCquDPkfR7njQUVsFm2UImp7TbUQBtpjas7yJHerNp1sgJG7ECvPyW9nq43GA4tbbbtgVZNKtN5Eio1kMITlQqU068bQrbuGayUH3Ro8ia0WjTLdKViauGlsDG0TVItNQQ3G0g1ZtK11pkJ8zgxJrbHGjNztFztLdJhRHFSqdoa+DnvUVaXrTiRsUIIkEU4TcFC43QD616GN8Y2cctvYolSPMh3E96kWUyj4Vimdv5Ti/jEzUoyw364rSN10Q3WxC7Qs2xSlUEgiqle6dcJbUjcPjG0g5kelXS6CEphJFRN842G5Kc9iRUZI0i8cmzOL23+6OLtwnapBggfKoC+LgOeOKvGtWqVuruQkfGcifaqtftoVkCM1wzt7PQjUkVi8tgtBXHHNV27ZShwkCrXqKAhskGqteXKNxHeufbNIq1oZOpSBUdcLTxil7q5IxUYtxa1HGKfGzOWlsMQCINILYlUxS7SVKM9qM4mO1WjOkRl5boUhQUgKB9qxvxH6Ytrpp9wNJS42QUq71tlxG3PFUfqywYuGHB3NbYZcZKji8uMZxaZ5mfZcadU2pMFJiiAEZqzdU6Sba+VsAOKgC0QYMe9e2naPm2qYe0JKgngk4J7VaNDUlDpbeBKz/AJRSqChY4IjvNVq3bVO3kE1oHRXT15qd4zdhpSWmfjS7GD7UN12I9Q+Beuv6t067ZPubl6cy15jilFSluHCpn0itOZTKdyjn3rBvCvUf8OWN84klT9/qwtChIJJlKSIA55/nXo3TOl9e1AAW1klDIO3znlhAPvHP6dxWdp7FpEfEzJxQBp91xLdrbOvrVwEJJn61drLoKzZhzVL5Vyr/APG0NqAfmeasNlaW9i35VpboZTEGEgE+lNuhlIsehdYvUoVeeXZtqI3ysFwD2HFWfTukendL2rRY/eXUn/MuFFWfXbxUxGc5NHSypQ4qqHYnKYACAkDgARFGSMzzSiWMgHFLBLaBTQhNDSlDilkICRBonnnsKKXhPxGKNgL7kpPauU4R8Q4pgu8aSYKxTC41ppIhK59IotFJNbJpVwAfxCkntRZaEqVAHNVa46id4QkZ96i3NTffnaNv9amy1FpWWy619hpMhf8AxURc9RrWlWwynsZqFQ0/c/EAoj5mpK16eunyAWVBPMkxQCV9jZ3U3n/iCyoes03Q3d3CilvcdxyAKtNr0kzt/wDEJK88GrBY6BatAbWR8OBinRVpPZRrbpu9uUb1oUkn8IP86n7Lo5G0eYJBgkehq3tWKECNlO2bcD+Gqp9FSly7IOx6Ys7YhxLCd4P4jmphiwQhP4eMZp8lrERRwj2ppfZD/QghhKRgRSqUD0o4I9K6KpIpN9HxxCcgbh70qgEpMcRJ96dPaaneVifipFVu62dsY4+VZnOAjA3DJOY4pUA98mk0IUlWZ5pRQUO4gd5osBRtWDj9KOMgZpFIUTyKVEgTI+tMBRCgkgHNOAQRIODTNIzu9acsxtIg0AOmwjlaUn5xR9Ju9U6Z1BOqdI6xdaNeI4ct1kJPGCngiBHy+kNmwoDKszzSzZyCePWgVG4dE/a46i0ZLNh4laCNQt0JCVajaqJXBP4lJ/nHseCY9DdHeI/QHX7QuukeprS4cMfuFK2PA+hQcz/fz8JAhYKcEH2oWLZNlesappzr1jf26w41cWy9igfQxyMDHsPQVNV0Jqz6C6to2l6xbqtta09u5bWQTvTzBkfrmsz13wPZeecf6a1FVs4tSlltxG5BJiEjOB/z7VjPRn2kfE7pBxuz11tvqrTSoBSnVbLpCfUK4OJ+sdjj0J4f+OXhn4hNpRp2rDTr9SilVpffulJVBwCecCfzHIouuxNJsxnXen+oem3QjWdNX5KkFSnQPhEEY9+Z+WaLoWv63oCzcdLay4w2s/E0lyW1es+/b9K9S3di260Gry3RcN8grG4e0Hg1QOovBjprVFuXmiE6dcufFtbTDRPuO3zFNJdDRGdMePbKEJtettLct1NjaLm3G9BSPXvOf6+tanpHUGi67atXej6mxctPJBTCxuz2KeQa876/0L1j0wFLu9MVe2u7YHrUb5+aRkenpwe+K5Y3Vzp924/o127p922oJcShW0iDJCk/TP8AxSpoaR67TeuM7mN0oc+FbaspUPQg4r53fai6f6etPHrXNEsNHtbW2Nnb3ILCNhDiwdyscyefU5ySSfRuj+POv6MsW/VWmt6nbtwUv24KXB/3T/f8q8v+PPUNr1T446z1LpqybZ/T7ZsIWIU2oTKSP7+ZquWmRGL5bMxuuldcstrlg0u9TtB3M/jB9NvJqK1Z7ZY3DmoW5bcaQonzE7Vpx75Fat0tFzd2ALakJfukM7iCMExNXq6+zHcanr9xp/UbVq7pK3vNVfoex5QMkEEzJj8QPcEH0y5tOjVqnsa9SXDmkfYt8ONI1B/bqV9qKHWW1A7ygqUtMD0Ce3YDsKiPCFhy+66VcBhS02diolQ/hWpaUp/2px4udXaV1Z1Fpuj9PoKun+l2DY2Z3QFqEAwI/CNozx/OpTwPtgzqOtXqQUpWu2ZSqeQF7ldvlj0NTlvjSLxJNNlM1h5epaxryrPdueunmkb1RkHaM+mKzy9fcsQLN0lt1H4kwf7irnpt6HbRKFoV94W+5JVndKlZmqj4kuJ/xONpAcFk0XAmOY/2g/WqgmuyH3o1nwEvX9H6G6m6ktVzcM2tycx/C2o9/YVmPhPai9fbuW0LS35RzGJUZ49au3R+oHpzwD6pumFHzrj923ImQ4Cgj8iag/CLTQ10/wCekKSgXEIVONu0CKm6i2bYlynRpbBDaABxANOPvbVsC6+oIQjKie1Qmqas1pbS3SQohMoQf4j71RdQ129v3Ctd2oBQgpBwR6Vh+L8jtna/J4aXZqFv1XbFwhoKSAraCDM+9Sw66atlAuoWpJA3hBkj8+9Y3bagtKQkrUF/6hyRTO91C+t30lNytQUJBUa1/wAaDOeXlzvTN6PiX0262oNXb6HEjCVpA/rT/R+s7N4h1t8uoEhW05B+VebU6whLnxuHceSr+lKr6oIUAm3Mk/jQ4Un9KJeLBrSHDzsio9dW3U+mwgrvktbojdJz9KnLfXEFKVB0KHYpNeO9L6wvLNxIdVuSDhalknaauui9bXNndt3trqCz8QCmnVlSVIjjPB965Z+K1pHpY/JjOtnrnROqiljy1u/5ZgBWJFT9t1Kz5h818EcR3FeZOnuvV3F0W1XC1oX8O1ZgpPtVt/xWoqbbIKlqMmTGKxbcPizshFS6Z6Hsep7fzUJUqELMBU1Mr1hKUeablCm0ifhUJPyrCNL6obUkJcWRIkE/ypTVOqVBtKEvhsAyVBZBreGVJbMp42pWaDZeKLmuayvRrXSn7RW5ZDroASUp5HM//I94mNV10upS0EJabGdylRmvPeqdfWFipbjrgVcIkIXOZ9J9xUXb+JTDyHL9TFy4EmQ047uUYPacCryNy6WieUFbT6N41PqCyQ0hL1y02VGBvWO3vVee1qzfJ8twFI5IINYrqnicxfvBlNo60l0bQVrGO/Pb0qMd8SUWr7lo20CSgKBK4IntI71H4LVJGL83jdm5XZQ+3KYIIqo6raKDqgkcenaoHp7xc0S8tkWt+tTDwwPiChHzmpC/6p0lJK0albOBXCQ6lSz9Aazn4r+jTF/JR6bGVxarBhSo9iKZQAYpK96itHnlpavGtqRJUXABPpSDGosXYK2n0nMZMZrn/DKL6OteVDJ7JRpCSmRSVyrYKbJuS2uCZHrQvPhxJM5rLi06KckyPvbrYmDNVPXnSq3WvPBiBU3q7q0g7QaqWq3n7hxtR57TGa78EU30ef5U9GZ9T7y4XlgmcAiqg60QorAAB/nVv10uvqJ2jaJx6VVnWzuOa9NdHgvbBtEgghA+Lsr0Nb74anprRPDdq91fW7dF6tx1SbdLkuEkDaNvP6flicG09sfeUpWoBJn8RgVt3gB4Jar40auwyXF2HTNo6DqF0JR5yQctN9ypXr2n1ihkt0bV9k7orUurNdvfEzWW02/T+mKLdhaqbJN7eKTtW9PGxI+Ef+bnAHqkBZJUT/xSWhaDpHTuh2PTPTtgmy0rTmktW7KewA5PqfepFCEJ9DFQlQkqG6UHuJmlE2/eaVKk+lFDsTFUUd5SAOc+lCFgYCaRU8BMmmj2ots5SoH60APXHO3HekVvpRlSgI96grvXVL3JaBmMTUY7qVy6jbuIk5MUf0BY3dat0AmSY9O9Qt5rrj8qQVIT6UwaYun1kBCjJjA4p/baFdPSVogehp2MjlajcrGxJJ+dAGrl3hKjn0xVosum2Gh8cqn1FStvpVs1GxlKYpVZXIqFp0/c3CwpxKgjk+v0qatOlWEZVuUSABuHGasrVsJ/DTpFucfDRQcyJtdEYYACGUmPapRqxSCCUgelO2raIp4i2FOqC29jJFoAcCnbdtH8OKcoaSkcUeDEVSQ7QkhkAUqEAdqECORzXY706C7OwOKGAeTFAI4ijgCP1oLv0EIjNdNCUntXQeKpMD4y2nXaW4b1ezW2U/CXEiZPqRVjs73TtVSV2Fw0/BjBz+VO9d8KtW09S0v2geQskoadUncR2Ijg/WqNfdHKslOOsh6wfbJiFkQeOf61lRgXJVmlQJ4+dNl2awoqI+DtVZZ6m6t0NKbfUbL7+1gpdUSpZHz781N6b1roupNw8oWbySE+W9iTSdoBwEbDEccUJ3KiRImpVLCXxKNigPQg0m7pylJ3oz7elJTTAZtoMgqTHtFLgQcUUW7jYmCRjMUdCVgRM1QBw2YMj8qOEKIxxQIGIJIHtSzaZVKZgUbAO2gxJTg9qceWFAE9qTZBUThQj1FOUIO3OAP1pdAKMpAEJMn5UV/SLDUcXlsgnsoEhQ9wRkEYIPqBSrACjJGOMU5Cd34U0wLP0d4veKnh6pDWka+dZ05vaBY6l8exA5CFc/KccjvjeuhPtQdAdVFrT+qmX+ltWWNq0XCJtlq/6HOOM5jE+hrzEnB7ZrnbS3vGixdsIcbMYUJ+VJJXoVfR7/tha3lr94sLi2vrV0AlTKw4gg+sYqp9VeFXSXVBNyqzRYXsFP3i3B3GSOR34FeQ+lOq+tfD68Q/0V1Vc2bP8Vi9+8tliONvbgcdpHpG39Jfa40d1bVj4raIdEuFwDqFmC5aq9SYEpjHI4z2MO6JZXuvvCTq3pjz7vS3UanZySgAEukfL1/l8iK86dY6IyjVW9XU4tDuqlRdZcRtKS0kJ/2/uK+g1trvTfVDLN5051Dp2rWq3AkG1eDkicggcHsRXhTx8cc/+pptkIKEJVcHAwCFAfrRVqyYSt0yo3q0fsh5gN7SofB/0K9R6GpJzxK691zSf8P611Ef2eWg0tDaSHHUgZ3Lmc9z3kzyagLvYLVTe/4okAn9KY2JDyleYSAB2qVUdmo7ub9KZbablMwmMRVy6P1bU9C6J1vVrK8CS255vluQdxSBiPrjPqO9Zy86POWlCiUpOD7VdW0oa8LL28eGxV/cIU2EjJT5iR/Qmpkk2Wv9SBb1VFmxbOXy0eQ2StZVhXOAPX0rPtQv3NV1O6v3iqHidoXlSU8AH6VI9cvrbvLOyQ6dn3fzVD1k4/lUI2oJHmrBIH8IPPpVpUiV2bbbW7Vt9mvWbpxIKluNJRichQSP6/lUd4c+Zp3RWmM3BG9TZU7P+qTmrL1jYix+zlplolMffHLDfmT8Tjpn9BVa839m6W23H4UBPOBWKT4m6+E20R3VOp+feBq3UUrQfiMHI9KaWOnO3hTCSd+J+dIObnHlLcWpapyTU3oV6htaREgHA9DTk+EdF4cSzS2S+l9CXV40FIuFtrScpUn8XyNWRPhKu/tmrS41Fq3dcG1I8orIzzI4+tWDp9xAabcWoEqAIG7itE0C7RaOB1SNwiFQRxXnS8vJ0j1I+DBqzzT1t4GdedOWytRttPOoW28ytmVKSI52DMcf/GRm7jTqHFMKS4FgCQtJSUn5HivqFomqdMDSUpuU2apSd7atpKp7R/f+/nfxe8I+lOpg9rGnBNjqbe5W1AhDg3YCp9h+s5792PNa2zzp+Nt0eUGbh9O1K+RjNStleRyIz60+1bpi9sHPIcQ2gpMEwSCR6GodSFsqhQI24rXlyM4w4Oi5aVqSXXUFDuxY/iBzNX+x6kVuQt1fxpAlUTNY9pi2EuJW4oyYIirtpq3nzAS4spSFHYmfhrm8iKaTZ6PiSls1NrqYlACgoYkKmq7r/U1wEKIuXMTgK71FKTqDFvuXZXiWwQncplQGfeqtq1y46rzPNKpkiMAiow4lHbOjLkbQte9RXD6txeKyVbvcUt/iNS9NUPMCXSQn0PvVNfuFpd3bjmkH7p11BQMA4rsSR5E5Nt8ic1PqNxLflN3AAQTkiZqGc166fdS44sK24SpKYpiplxz4TJntT7StDu9QeNtp1k7cvqj4UjgU7S7M+E56XQtZa8u2ZdLlulZXiT3FLWt8bg7Gy4lCxhO84rSemvs5dZazprWrvWqG7Rz8Ko2lQHeCZz/X5U//APpFa6W0oM3wKwSVAMk5niSZqJZox0wjglK+JnSC0wE/uwe8nJp5Z6rcsPpfYuChaZA3jdE+xq03nR1sxKyFKSn+GM1VtT0x21XDTKgBxHpQskJ9FcJ4y4aH1o5coNnqRb8xP4HQeR7irMxeB9BUjgfrWLtPXNkve2yFK7z3rQOmtbbctg066kLAEDjmubNgX+0Tv8XPa4zZO6gC+0oQAeKz/qVLrKiEwREyPWtCdSstzHP1qm9VWClW7m0HeUq2mO/vTwLdh5D5QZml4pDu9JgQTkc1API3OEkCZwQO1SDrhStSHFwoSCQZzTMfFJ9PTvXcjxhi+8bVtbuySfhST2r6TfZX0NjRPCnSHPuYTdOWrbnmZylSePTt/eZ+bupPtW6bVx5sOti4bUtuSNyAZVkcYmT2r6r+HOmWPTfRWjaXZ3Di2E2jbjXmfiCVJBj6EnHahuiXdouTbhiK5TgSYKsUwdvk7fgpsq7W4I3z61HKnZRJP3bSB+MVHXGqFMhrgd6bKbffV8KTE4pZvR33lCVQPSKG7AaP3zyiShWfXvTQ2tw8raJIJk44qz22gMIA3oBPrUizpzLSQlDYimk0BUm+n7lZgBIT6mpW20BDaBvbSr+lWJNoP4UU4bsiBJFVQEQxprLQPlNISTyUpgmnbdlGQmpZGnzBinSbJIGaKAiGrJRMRinKNPA7GpVthLYwJo+wTxTAYt2QEYFOG7dKRlNOAKEpPagBNLYHajCIjgUdHGa7bnNA1oApESKEJjg80JxiaGMT+lNFdhcfOgAANCRBoYzximNAbDMgxQbY5owTt7j866J70FXsIRHFcSSBQn2FBmqRR40CdM1dkLaurK8ZWNqFIUle4EfX+/nUBrfhvo+qNuNG3AS5AUkpxEdq8Z6LqWrdOvG56Y1260x2QooYUChUeqDg/wC30rWulvtRdY6T5dr1fo7Oq2pIDlw2v98AeSBge+f6msdo5mky1a74LPMML+4l5gNupUhKlQkD0ETj86y7qvw6vLC5uHb7R0NgumH0mZ7A+3E16M6N8cfDjrEhmz1c2Nwo/wCVep8pM+m5WJ5/X0q6PaNZ6o2Xl27LqXBIeaQlUgHkH8vzHrQpW9htHhBqx1fSFJesbu5RDgT5RkBRz24qds+vdUsEFHUOkFTalCH0SEpHuO9eneovB/SdXhdv91b+IrUVhSVEx6iazXX/AAZ1m0DjVuovtLcKUgpCgU/KaGkwTfsqema5oGsoT9x1BorKZU2sbCPzp+7ZpA+FBAPc8H5VUdZ6DatnnUO2r9g42Ugq2zCu+B8qaWN71ZoCSLW9RqrGQWnQVKRB7CZFTxfoei6JtXEiUiY9q5CVAkrGahbHxH0xz/wuvWL+nLI+FYSVIUZ4jtVntDY6myHdPu7e4Sc/A4CRPYimpNdgFRsEfr3p0GyYQM/I0RLCgrYkHGPlS7StuFIMgwafIBRDSkEI8uPeKXCVpTCjI7e1KMS6AD2ilyykgCM84NClYDRKFBU7eaVSFboWkR2gU8DBImMD3pJTcGRicUwEcJUVwRHaKTKi6lSVICknGRNC+8hmVLUIGTTZNy26diCAeZB5oWgEbBq60C7/AGh0zqNzpFzgFdqvYFQIgp4IjERwB6VAarqFxqeovXmouKuXgtSnHnCCoqOVH2k5Pqc8kmrE6haykz8MgGs/BcubvUSDtJfcSB6pBgZoChjdXQXvgp+InbBmkEPhDagQfoYqJvUusgkiYOYMxTq0uPNtg4QVBUweSaVJgC2opfLoJAgySK0DVLd+y8OuntMdSFuPXS7glJkbPiUn/wBwqllhSAAWypLgj6xWn9f21lpPROgo+6tLO9gKUhPxCWQojGeTWMpvmkVaSVmG9duNudRttoIJYsm0K9lST/Iio2zuEIWlt1BLajCvaeKP1E95/UWoPKTtlwJj0hIFNG0lakoSTK1Ac1u+hR7PWnXGnMu/Z+0a1XK3RbaW4mDztdWT+h/lWXam04WNkxPIiZFaL1I4010d03YG7hadPZSGyqQQB3HFVN2w89rMwcCORXMp1FNnVBPLbSM/v97A2gZHek9K1FVvcpKiVBRjjualdZ0p5paxcNKhPxD/ALagE3DFi6HW2i4UmU+1ap8gdYqfs1PRbjWH2m0vXJbR/BskEjtWh9L9HOahdsIdvn2g4oFxbrqoA5gAmJPFeemurddfSf2dqK7YxKgkAx+dQV31z1oH1pR1VeApUR+LFcs/FlNnX/5BKNLs9qdT9Jadp1iHrbUHLRxRIQ4H5G4ZOAfasU1jUOpLEOqOru3yVgyzdLKhBPE+lYorrLrWQbjqe6cRE55q1aQ9rup6W1fvX1xdbxEuHANdDxdIwh5P/wBMmdQ6pa1Bamr+1LSuAe0+oqu6iyFqLjZKsYimmoak406pF2UfCdpJMU+6cnWrossNhcQD8Xc8Z7VNLGr9F2s0h10voF1rFylFuAVJcR6kZPJ9q9WeG/hnpzNqlK2N5cIUtUEKJ5442/388/8ADDoJi3UlFwCEkpddAACkiRAkGvTXT7VrbttlpJCQIFeZnzqbtHt+J4/CHQGt9KaJdaSbL9mso+D4lpSZUrsTJ/v858p+Jfhs9ody67YpJBUSoep7n2Fex7+5bNuQB271iXidaN3Nq9sKSsqnvgTNKOeSaLzeKuOjyFfMONObXEkEH8qbtgbhPH86uXVfTzqH1OMJ+FUk94NU27Qq3X5e4AjBzXqY581Z8/mThOmTulafb3riQ66GgYzPFbL4b/4I6eCFPvW4WHhvdWv8IJyrn+xWFaaq13BVy8pcDicfpV/6a6w6U0O9s3dRZtW22ila/MUAFpBmCO+RWOaE29HXjljr9nq1XXPT1zaH9m6tZPpSPLSG3Acdhg+9Z9reoWzzrjyXNpHIURM9+KU03xW8J+qNNatzq9nY7hBSpKW9n1SDOaouq6bowubpehai2tpayELaf3ggmd3uayzJutleNNRVsNql404SpEfSqlqSm1klSR6RTXUdQ1nSlr3hDzKSd0iCB61CudSsXqtgWEqHIOKzxxk3aLyzi2LOssOE7YSRNH0xHl3jSgQfiGSajVXsuEDM+lOLVatwVExmvQjdbPO/9mjRrZ9akBMg44Bmk9TZQ+2hEfxAEVDaTeOpUnJP9KnEL811qUz8QJHasIP5UbZlKMLR521VH3fVdStiQAxduoT8t1NWCHFbRgcVI9RBB1zVVQUlV86SIxBVgVEoWNwjH1ruXR5b7NB8A+n2epPGvQtOurZp23aCnVBxO4b5+GAcSOZ9u9fRzTg4bVq3aaCUW6fKQEiAEjGK8TfYW6EvetfFTUervOLWlaAztWoESp7IAHryf15OB9CbXS2GxDLAAmRIpSVkJ23RBMaZcOJmDHvUjaaM23lSQVHk1ONWeBiKct2M5jmkkh2RbNghAO1sU4as4yExUsiyjtinCLUckVSCyKbsS5AAp03p5AggflUklpKOBH0ox5wKYxm3ZpTkgE/Kl0tJAjaKXACT8qEBOcfpQAiEgYijE4o5bMSKCBB7UAFzEUODzQggGSMUGIoA7HaumaMQkJ4/OuSPWKA7AggiRXD1NCVSeM120GmNHEggGKDKhRsjgDFBkmRimMDjkSaFXw/WhgDntRSd2TQXoDBzMUMmcV0CBRhtOZ9qB2FhR4PPpRVAznkUp8INFWZIg00Cs+G6Qoq3A8c0qH3OTmiBCQoEnnmhKSO2O9QYh/LtLkw/bpKiOSMj5e9WTprxA696P2NdO9WXiLZED7s8QtuB2AI49vn9KtB5Mj5UdAUCClXxc0AeiemPtYthKLfxE6aeZcK/3l1Yp3N7Z/Ft575/P1rY+l+tuguumfP6e1y1ulQFKtnVhDqfQFJMz7fSvDIunkAJUmQcfSioZYD6Li2Uq0uEKBS4wooUI9x/eB6VKjXQz31qfSmj6jJesGApQ+JcEkntke1Ztr3glbPebcWC/LMkgNI2q59f7/lWH9LePXi90elDTevN67ZJSkFi/Qnfg9lgTxmD79jjY+lvtWdC6qkWvWemXehXQgKUEl5lRPfcIIH04+RoTa7Jcfoz7qbwyv7Fp1m+t13Nu0tJSHYSuIyQoVRLnpJq2/8AF6NfPWd02qUFRMDPGPlXtrR9S6a6ssxddP6vZaky4k7VNFJUB7g5B7R/Zgtd8NtC1gpXcMDzI8tRDaUkpPBwOaaaaJ+SdM8nt9Y9YdPKaY1iwGqMkwp9polYT/5fc1ZNJ646X1gobRqCrZ9ZhLVyjYVZ7dqvev8Ag9qmlOLb0ovuJUdyAXEhAHYZg/zrLuqOgAwXhqWhIhRjzWVTBiScehpONlWXry324KRKTwQZH5il2bvy/wDNIjmawph/X+jj986d1x9m1bOwMuJ+EnuCkiI/3r0B0h0n1d1Z0hp3VF/pYtzdsh39yklC0wPiB7e4MR6CRUJtNRZVasb3GrttfxJzge1M39VQqZWNsHM5P0pdPSHUF1qKrH7igOCIK3AEmeMc/wB/OtN6R8IbOweTfa6fvLqVA+QsDalYGClQ9M81Tb9E39GfdNdA9S9cr81hs2OnTCrp+UhWOU49addQ+CPXfTjSb/TlNa0yFfELc/GlPrBj+4r0Ha26EBu3bbS22kAJQjgCppLJQkFtREc+9Wl9kSbXR40Tqy9LuQzq9o/aOJ3fC+2WyYHvVLS5t0V+9dbgpClKPzNex/F3prp/U+h9c1nVLBrzdNsnrlDu0ApVsOZjA9f/AJB8f6rcNf4Ft0JaCV3aEbiEgGNskfyocfZUJckUS9ulOIgKlKvQU70dPmNMgLUQlRMCo9xtOxI5wOam+nGloJdWnc2Eyn0BNLpFE0q2c+7AISmVEJRPMk1pHX1upp/T7Rpxblv5baltJghCktgbvac/2azvQ9UvU9T6ZZWZSDd3KGDub3hKVHJj1/v3q6da3moad1tfWzrY22tk2HUA5SnZPbBzNYp/KkVWjztePfeNRvLiSS5cOGT6TipTpPR3eodcttPbcLadwcccIwEjPNQLCvMQt7P7xa1iPQkkCtF0j7x030km9tCpt99CXFEnPxdqvI6Rr48OU7fRqur3NtqC7fynEOqsmwyFIIMCIg/lUzpWlofZQlbYnb8QPpWPeG63nXL5ZVueW6gL3H+E8mt96faaCQkQtThTx3Fed5UpRSiep40IcfiV3X+klXlutLLigRBTCQRA7H2rIequlL3TEl1JUtKuSgYT6fnXq5vSm7hsp2pzgiOaqnUfRAuEqIYKkKPxJjCvY1GHyZQ7JzeIsjtHlK1burR4LHxbhBrtQ0W6vX/vOnWoO4fGkGPi9RWvaj4OFT3m2d08yoz8EDaP61Hp8MdfZWUov2yBJy0Sa7oeTCfTOR+JJOjPtN6H1zUShm6dtrNJx+9XJ/SR+orUra00vR9LsdBtr5byGkbf3Y3LWoknAHPNH0rw11Z24Cbu+LicbkobIifnWrdF+G2n6Ipu9+7tuPpkpdJ3KE+k8fSlk8mMC8fh8qsrXSfgj0k+les9U6K86HQFNs3DkqPeRHHuD7ekVO6Z4fdPaG6/faHo7FgFAhKETBHqR9KvtxaIt2v3qySf9Rpm55bjZaaOVYrgzZ3k0j18HiLHv2M+kEFi9e2oBUsAEj51sugpPlJKpgRVE6Y0VmzJfcRvWs9xxWhaY+lCZUngcVmsftHqQ10ONYfQm3KgNsDJrF+vb3c83sUCHAQY7xWu63fNLtVIWyQFgjish62sP3abhhMwrI9BVPGo7FPaKBd6Q1dH4kBU9qoOveD2taq+/c6HeMLIJV5DspMexyDWqWW1ZlVWTTrFtSPOagKFTDJPFO0ebm8aOWNrs8w6N0xfWl0q21a1LZRCSQJEn3ql9WsIa6hvtPuW0k2a9iZ7p5BivVXWWghtxWq2KQ24SC4kiUGKy3rPpfpbqtbT2t/eNL1Rr4UX1qkfGOwcEfEP1/KvWx5FJWeL5PjuLtGLXGl2bTKF2yVIUeNp2x+VWDpUam6wt+2vrtoNr2hSHDS9/wBCXFrcrYtdctr22SMOlJQomfT5VKtvp0yyRYWLKGw2kDHc9ya0bi0c0Vk6Qq11BrVupSLu5VehQyHYCv8Amo251S2ffK0slhaslI4+YqOdU+4+Vvv/ABEyJNT2jaGdWIbQgOLUY2g5JoqCVlKOVsV0xZuQCJiY+tXDR9JeuIARIHriBUv014WhTSfO89lSMK2J/i9QK1PR+jLLTLZHlNpWoCXFkfiMRweK4cvkJP4nqQwtRTfZnmn6Q62PiRBA5AkVL2zSEvtNqSCN4kj51YdV0tDJUttITAAgYFVt11TDgViUqBqME3KSYvKi3Czzl1spTHW2uWoBgXSiJ4AOeKrOrXSrXTn3GyPMUNqD7n+/+RVq8RGgnr7XHkgbXHUKEGRlAJFLeGHTK+peutHuL3R7y90bTbpL96hlIO6MpBnHI/TgxXp2lGzxuLm6S2fTD7MPhFZ+E/g9oWgsJQq+vrZF/ePQPMKnUhZSo94kDtx6c7CzYlEbkxWXdE/aK8PNcfs9Eu7PVdCeDKGWzeW6AwNqRCQtKiByMH19jWwoIWU7VApUJBBkRUxkp9Cljlh+MlQii0TwRSyWAkYFLJRBmZFGia0ogS8uKHZHelMd66BEUDQTaD3NCPSjgYwKD6UAJKTKs4o/bFcpJnBrkpxIoGASqQAJFApMkEDmjhOaMJGaAEi3gdq4JjilCJz6UU8TM0AFO04nNdGADQhIEnvXH4sUwC7MyeKNtER/YoZxQFXf6UDo4H+GipJHNGORigBgQPzoH2cTPFDAjgV0ScmuiRkUwYBIImiieKPHuKBXHJoLu0FJHJFABmhOecUO1NUlZS0fEVVuCCoZTxSLjKgnaJjmpMIBG0AfKKRcb+LaP5VmYEeCV/CQIrkICF/DxT5TSSAU59Yoptws7grb7UANwgeo/rXQCIz86MpBSv1E80ZHcqxFAAAmBsND5sqAebKxzz3oNiiZmR/KuM/hJNAB7FdzpFwm90K/udOdncoNLISo+4nOMf2K1rpL7THifoCUWmvNWfUNoPxO3MNupHaCkAcdz39ATGSttOKUADj1NTLmkIToFzcOrUHOEEKAHy/Ok0qKinJ0e4OguptP696UtOqbCzcZbeUWlpcH8Q5KfUZ/3AMgLan0ToepBO+wY3JSUpO3CfeO9LeE+iq0rwx6dty2lBXapdKR7gVZVWhclITk/pU43cUzOVW69Hk/x36D0LRtX6S0Oz09KHdbvHLRTTZgbUjcDAiefeBMRzXrLonp230Ho3RNB8sLGn2oYO4YxjI7/wAjXn7xNaOu/aa6L0EbVp0i3U86mMblDJP0ivWSWEpcLRThIgGAMVTilO/0RbWNIqus6basNoDdo2iJUSGUncPnFQqWE7ieJ7Va+pEEuIQASEo7+5qBDICtxGe9OqKVUFtmP3iTGZnipbaNknkCiWLQKSr0zThQSRHemiJdbMw+0Tqf7F8DOrbpJSHLpgWKD/1OKCf614v115+10O0tVpUUNoSiR2VtivVX2yNYY0rwm0/S3W937W1thKgk/EQ2CvA+leRepNdduLkIFqltARGxRmfenPpIeG62RASEoSkTPEmprp9xCba4cAVCVBIziYzVdcf3wjbERxU3pTq2dKbBE7lKUAf61nLo1L34KOtN+KVjcX7W+2+7PoUlSNwJKfSpXxA6j0zVdW6xvrfT0NlLD7KXpUlaihvaoEcAyB68d6jPB9Tz2vXVy6rFu2FtE/6lGKqfUutu/srql91W9Ty3UKg5Ci5Ej51nxsttvsy3SVeVZWqcztQkGta6utynSEt27e5AdRAnHlhP/wAVk7Y2spUAQUQR869E9OaRa9TdJWdy4yHSu1G2cErApZpqFWdvh4/yQnZTfDW2Qi7fdUncq4eSkpIMpSmcj862/RrnY8kp+FIM+kVk3SbKLYJDI2hcKEHjGavVvcrQwFb4MRH1rLNBS2b+G3fE2DR75tSghxQIMCatrVhZXTaQcwax7pDWHRaBL+9z4yciCPStE0vWSUAoUYnieK8ucabo9uOO9k9/hXTlK3htCjHdIpg/0nZNrUryUwR2FTdi+tYG4zIqQLPnCI5pRg2geNdlQttDYbcw0n8qk2rFtlO1DYTHeKsFvpaQfMWOKjOoLpuyaACTvJ2jHaqeNy0VxiuipdTXbLSQ35gBmm/Tdiq7eDzn+WBioLqS9Wt7eST86W6c6hWy6GSoAGnw4q0ClXRqVqhLASMRVy6a0F7W7a4uLNSP/D7RtPKiQYH6VltprKFmFuACYq7dL9YO6I2+yyEuIfAKknBChwf1P989cIq6ZU5SUfh2La+y4ptLRQOSFAHgis91+wDjKgoSlQIqa6n61tGXQ2w8XLlZK3jwEzVP1Dqlq5lBJEgcnvRkSukXvhyZSw4m0fU2olOeDVw6RULt1aEEHywCQDnNUvXmJfTdsKwv8Qmc1a/C0FWpuLkBppkPPSMxO0f+41jOKkrRzqSSbLtedNM3TCgtkKCxBSrgis36l8LUPBSrJSgqZ8tziPavTFt07bvMoNvOxxAO5QmMc1WtS6beK1JWgeYgmQBIUnsRSUJY/lEzcIZmeV7/AMINXhSjoSrkbseS8Jj5TUK54Y6Lb3bf7W6a1i1Wo/CghweZ8sEGvWjWmN4XtKT8qkF27JZCHTIOK1/yG1TRzvw2pWeVLHwd0VLqXG+m79ndJi4aInH/AFCfStC6b8N9Ot1N3Bs0BW2BsTt2x/Wtfuk2jSAha5T2Bpg67bMNlaIA7RgVzznJxqzSOCttbIXT9Hask7GyZE880o6y22gjYBHek7nVUoWSMifWm69RDrZJIH1rLbK4uJXupAlLa1J+ZrOb18FZMxBzV16nvgppxtPJGay3Vr9TAdQmSQDmeK7PFg2rPO8qdxoyrX7dWra7qIYSlKnHloCiTGMD9BWpaD1XoXQnTLSdNtLdDiGU70iQp1w4JJ9Ky5D6W9WecTI3LUrPeal1tKvWdpBVifau/JG40c3gtKTfst9v44avcXaLe8tLZi1UcpTuEe+T/tXtr7Jni2919o2o9J6i8lV9oaEPNbnJWWFGBI9iCJ9vWQPmteMqS0/EnakmePyr1x9mG6uOjfELoHqBp4p03qC1/Zdw2DgqcQdhj/uA/wBjyIgowkqNfKjPPjcmuj3mkiBHFGgHigSgoJbIPwkjNHyK6jyApTFAT7UdUGgoGAOKAgijV1ACZBmhiBg0Jia6gAsEZBoQVHkYoeM0E+lAHHAg0XnFGUccUUHuKAOISMk0Ej50KiFCKCI+VMATjmg5wa4z2FGJiMUhoAxG0UCR7UJMwBQH2pjQMBJ4oPlQkn0oJziiimjpJmKAgyCc0JxJoAVHkxTQ/RyhxAouQeKNJA9ZoQc1SA+KDQWmTvOcRQ7clM8+9GABT+6x7mipmdu6fnWZkAAMAgADilGkgkqWmABGKKpO4SCJn8qOVnaBtGPQUAFTp/mqlfwg5EZmkV2ikJODtHcjk1KsrS2wFZBPNN7pwpbUradpEDtNAEKVneUwcd6Okd6KASv4sUeR+H07xQA4tShTgCkkp7gd6vlzpLqtI0XSmkbnNSu7ZG2YJlY7/KqRo7PnXqEAqKuwA/FJitx6V0Eaz4q9IdPjYUpufPUkDjyhMVMnSLxtJ2z16zprek2ttpTLYQzZW7bLYB4AApRm2K3U/DPxD8qe3iku3b6xJlZj5UmHBasv3DghLTDjk/JJNVCOkjlnOk6PN/RDSurPtVdQ6uEBTVkpaUqmQkCED/2qr1k0gPqU4OCa8tfY6tXdW1/qfq16T5948CVTH41q5Ppur1dagLQAO9U2ubKlF8VEp/UDu+8Xgjb8MDiocfiqQ1R9N28XkpjcSee1MUJhWUyPShiSaJC1B2ek0Lp+EwP0pVkENAQJAmiuSOO+KSYpJUeYPtsXodvfDvp1cbVv3F+tMnO1O0T/AOqvLevlk37ziFKIUrbHYRW9/a31VrUPHqx0tSSE6FoIJUpYiXFEkAduB+nNee31OXLzig2Eo3EhPOKrJVpfovEmobG7SCXJCCYqZFyQywyR+FICgKYMtwBuI5o63PJXvJMAbqz7NDSPC+4Lb+p3LqQGm0NgntyTn8qz/rDWHLrpq4ce2ebd3KUwlMFUubiTHPzrROjtMRaeH+rXmqKDB1ILKHFJkIQUjaqRkHJrM+s7e4sdJ0+ydcacDr3mpcbOCAIH86iLt9FSeysITOINemfAtoXPQjDBJ3tztMTIUpdea7cQQVEbeDXpLwcQu30m8t0qWjy0W/loPp8UkfnWXk+v7PV/i4qXNP6KjpSXrTc2QAtpxbZEz+FRH9KtVi8XWQHRO4cntUb1S01ZdR6hbsmQHt0REFQBj9aV025bQgBSs98ZpTVqzXx/jkkW7Trp5t1DaQFJwJnFWzS9YDNyGnFQCZABn9KqGl3AUPLIzzUtZWin7xNwVlO0iAOMV58oRk22ezil1RsuhXXmtpKjIIxVs04IURu5rMtAunGmPJcc/CcGeauWk6q4yj94Q4B+D1FKKt0XPXRbt7SBBj8qo/W7zPllaVABMkq7AVYP2u1cokJII5FVzqqy/aOham0zCXF2rgH/AKScVslUqRyym4K2YfrHUds7cOqZc3thRCTxI9RVPvuq3LO4LjckAxziq/8A4g+826XWnUlJG0nuIxEVTerOqHLQBm2UFuk5JGBWqwuevRxeR5axdG39P+IqTLbyyFJAIGYmfWrux15b7CtrUWlpkwUrGD6V5W6a6sVqA+63RDb6Ukjtu+Rqy216G1HaEhaokpwcVf4OLLh/IJxVmy3nV9r5jjr9xvVMmFTmoFfWBubpQQIbnGe1Zxe6l5aCXrhIET8RzUfpvVun3F0q1aukqWD/ABfCD8p5oWFJA/5DlLiujdLHUW7poIeVE4E1cujWxpr77qFAF1ATBV+lYlpmr+a35brhJERHatZ6A1hGsdXaZobaQsXDbzkRmG2yf5xWDil8TpjOLR6o6I1e3f0tq3AXLTaEqChmSKk9VYtSFXajG1HPoKznp3UbrS3iASUrhJEZ/sVOavq9xdNfdmHFJSoELiZUn0pqariOOOpDPVjaJbdabSpTqj8O1UET3qAu3XfI8tbhkd6e+UWlla1lZgCT6VDaxqLCfgQDI5Pasm16Oq/SInV3f3JPnrJGCCah3dUfbsy2hJVAgTQX99udhUlNNLzUG0s7W0R61PK+0VO6pjA6i+gKLqwTUS/rl62qA6e9EvrsreifyqK1BSRDyHDI7CnCKmzlyy1Q7vL526ZUSkqWRVF6ibUi2c81JKlJJxVkc1ZAbCUCFd5FVnqm5eeYWdxQhSSFe9dmFNaPC8i0ZTpjvnayGVIUUqWsDeK1fpfTbJLBT5SVFeFHmRWU6QCdTRuSUq8wxA5zzW2aHp4btRcb/wAYBAGIHetczpHR/GQUk20VzV+jmDcPv26AEr/hHxfzrR/Cxetp1PoDS3WHXxbdQWTbQSiVpQl0SVATiJM8fKo+0thcueWIUomM+lb19nHo06n16jVHWx5GiWxeGMeaogJH8yJxIxMYxxNykkdvm8fHwSf2ettxW4tZAEmYFDHegQMSck0c4ruPlUgpFAeaE5NAqgoCK6PWhHtQUCAVQA0YwcUBGIFAwCPeu44Fd7GgggzODQB1EIjvmj/M0Bg96dgBA5MVw+KfSuPtBFAMcc0hg7ojFDMiiY5Jo+CPSgAO9cAIosTHpXEH1qhg4FcPUCuiQK7gfOn0VsAmgG0iB2rlYwKATMUBYIPqaExia4gAA/0oAoxkUDSZ8VwBERH05rgkJEDBPNcVE/CeBxQKJWmCcD1qDIGCk5zSwbK1hYTg8HuKSSSERkgjvTlhMjdu9OaAFVhKQEwROSKj9UI+EbojhNOHnSHYByKj79ZKhKc/6pmgBoUndngjFKpSkKAmZ9aFsNuYIJx+VHCA0cqgzPrQBP8ARbHndUaY0ElSXLhIWRmEiSf5V6Q8BdLOreNzuoqSFjSNHcfCoyhalgfqKw3wpsF3HUSr1wfBb2brg9ATCQf1r0p9lfTvM1XrXqhaCfMcbsGTONqUgq/VVZzp6KWk2bsohapx8Rmarfipqf7A8MOptYTO+3sHNkGDuKSB/OrMtKVQkQCeayb7VWtfsfwbftkuBKtTvbe2E95cG7/9Zrox/wCyOSceSS+xT7Imgo03w0cudu03txcXSye5U8QP0SK3dxSmLVa2olKTHYVQvA3p/wDYHhhodiZKzbpS4r1I7/nNXXW1Ia015K17UrQUA+5rOO2aTdIpdzh8oCEJ9YzQJQkLAAn6Vyx8ZUcT60LG4uAKJnsapvYLfZIAqCAD2FFaSpdw03n4lgce9Kn4RPImOaJbPss3QddUlKW0qXuV2gUJWRNpJnzy8fNYZ1zx7681NlW5u1uG9NQJxLac5+ZrPrZBWDKTgcdqf6pc3mrat1X1G9uWrVNevHQ4MyA6UiPoKbMtLS1KjA9Z5p5K5OjeKpJDhsISyMAme9MLtK1AhAyoRFSts02psFQmPTFLt6cm4fTDZUlagmJgT2rO6KStl66gvL7T/CG1Q/aBBebZtHEOJI2DdM/p/c1kPVj7Tx0+2adCgyhSlAcpJjFbP4tW37P8O9OtVLK3rjUUJkmZCUBX15NYb1CpCtVS2iPhZSFR61MLa2Dduxu22pTanJCQEk57xXqzoVldrpukPrErutOaDvw/xeteWLVlT5LYQpZ2khIgSO/PpXry+0i+6a6Z6U1O9SE/fGm7ZxpK8trDQXB+hn6j64eRuqR6X8dkjin8n2Zv186lvr3WLcNx5a24/wCobB/tQaetlbSVbCDiaQ671IXnXOouFAAAZB9SotiaQtroNr3JOMmKcv8AXReKa/JstzaXbZbT6VFTZydvvVp03ULdydrm1aBmRGPnVDYvH3Wf3a4Hoe1SunXL5SkvCAkAGOK5HHmvkezjbijRLXXdriUhvEQYPJq1aNrKTdot1Aw7jms50codhS1mO2atmkslNwh4LEIMz61jyUWdKalFmjNKbRkYPemmsalbWtm6tSo3IUj2yIqJe10ITIVEVX9Z1dq5YVuejvThkfKzlnjuOzy11O9Z6Fr+qWCV7UfeluIBOIUSap2pLtLn4i4CpRnHPyrXvEHw5c127c1LTXWwtZlaV9z6g/3xWXP9AdUeYGU6fuUTAIcET9TXpRa7PAy3KTT2RVpbNtQ6mCrMeoNT9pfLCIkyP1p+rww6t07Sl6q9aNHYkHy21krHqYiP1/pUNbF0Aui3dAEAgpPfFXpmVSj0GvkqviSsKMiCDUHd6Ett4KtlbYylXoauek6Tdaof3TCnISVEJGYByYqF1Nm6adUEbiUkggjIp6M2pXssPTGp3P3aL1ZU4nG6ea2z7NSl6l4wW76XBtsdPekEHO9JTXm2wvb1C0to3pUTyRW7eA6dV0HXXtcZfIW63tKYne2UKCk/PP8AfFc+SKuz2PFcpRpPs9c6taPaO8gvoKA4fgUoYJif5Uf9oEMb0oBV8qd6R1XY9S6A1Z37JU+lEKLwCiAePr/v+dfuwqwUWi4ShGATzHpXG65WjuU5V8uxe6vA40FKI3x8WO9UTXdRV5q0skqPE9qmbrV7dSlAr/CMAdzVXvng46qEQCTUSrkdOJ+2NkLdfEuJio/V1nyS22QlUc0tcvloQhXzqMu3kvJIK81PNSZpJ6IS6XcNyAN9JthSkb30fCcZqXYYbQCudyjUPqblwl0oWgoQTgRg10Jp9HJJcrYzutPtngXLdQRAyDVf1Rth9hy0cO5JEHt86nH7hAZKSYjt61XX3gtxQIxODXVibs8Ty5JumRvTnQDWoKur1p8hFosJSlXK5HY+39a0i00g6fpKSsEDaVIEc0x6QdZLSrFO1KnHh8SiAkzgVdOt9X0jRNItOnBctPXy4UPLgkAcj9f775Z5bPY8GMceGLIXo6082+edeUdjaN6j2Tkevzr2d9nvpxOkdDo1NxlKbnVnl3C1DBLfCP0z9RxXlfpHp24dt0NoDgu9WWhlpszyeABXu7Q9Oa0rSLHS2IDVnbNMIjiEpArXxo9yOH+ay24wX9j5I70B5xRgY4op5NdR4J2PSi96NRSewFAIE8UUGhmBRTjNAwT7UWTXfOuwaAOM+tBPvQiinPyoA4nNFo0D1opkZmmgAUogCDQiYFAM5NcTtPtTA5RODmK7cDgGhJBGRigG0Gkh9A8cd6LuJNcrGRRh8XqKY2dntXHiu4Hyrs8mhj2dzyKCBzzXHjigSMSSZoKr7OVJj0oZERzRVKxk+9FCh3qkNb6PiqVFeFEehAo4UY+XvSaVogBQ54xRymIxzxWZiKtI3mZ4E8dqWW8G0nbyBx60nbmDJO0/zpG4cUsGISTg5igAEqWr4iqRmDHemjq9zxCgMYp2yfgJXTBwS4VAfP1oAEEEwT9aWCVKgSTjv2FIAmcDn2p0ykKSUlXAwB86ANR8LLFu203V9XK1QEotEwcQBvUf5V6m+zRpytP8I7e+cEPapfXD5VGVI3naf/TFeY9HT+yvDVx1bXlOXj63NqTBIO1Ca9n+HWjJ6c8NumtDSgpNtYo3hRzuIk1km3JJhN1HZOpAWqe4rz39sG4F9/gfo4LIVdau1cLRB+JE7f6zXohqThImvN/jU4rqT7TfSHTaSlxrSGW3TtMkKX5qoOf+hP510xVJv9GF/wDJE9OdM2idP0LS7FJgMMRtHEzR+qHEptGEKTIWpROe4GP61IMNeUpLIja2hKfrUL1Q8ne03gEJKs96iOi3srK1BR3RS1q2XFZ5FILyqBOad2Y2ZBye1N7JtodbkpHMxxNVzr/VkdPeHXV3Ubpj7ho10tOYz5aoj3qwrBSZkVkP2tddOg/Zz6sW2oh3Ujb6czBglTq9p/Sa0x1yRlNclTPBNg+tXTWmMKbJc2h1Z9VKyZ96kWUqcbQhQ2poiWVNItrcAAttJTFP2US8htwpxyaznLlJs6w7SNqRCTA71I6e4py5srVGCu5QAO5yKQfbULcLQnBwM1KdGvvtazZNWWnou7ldwkHe15hS3I3EDtiscnRcHxdls8ard9aOl9L2Il65fuIiD8ISn+dYHqW8a3etLMpYfU3E+hrevFK+++9Z2Nq1lOnB4NjbENrWFJ59hWDXz7dxrOo3Scpeu3Vg+sqNUmQSejISdY09BXh13bGDyMiK93eOdvYIe0DTDbnzLVRuAnCRsNugbiPn/eK8P+GVk1q3iX0tp7re5l7UmkOAiZSTXrP7UOvXmleJFi3cKKLR/RGBbnt5gKyv9I/57ZSlcpRX0duBL4/9nnrrHUG3etdZcbUNodbAI9kJFONIuEXCAlS8gxk1DazcW97qt1dMp/zgkqUBAUQI/pXabcBhe0Ek881XH4kYJNZKZaRdO2txsEgSBNWjp/UiVlpaUmRGeTVLCzeKSsAjjE1M6ctLCUQrdt5PpXJmjo9rHNPRelPLYSDbpAPaRxU2z1Oxp9ogO/EvaJ2+tUR3X0WVsp11RJjEcVAX3VC1N721Ffwkj0Nc8cEsrtiyeXHH8b2aPcdXXDylqUragn4R3imC9cuLobAe/pVAstYdvHAgFRgSQal3OotN6etPvV+VLeUdrLSTJJjkj0966ZY1jqkKGZ5Y8noto09+8b+NwoSoTPFGs+lrBakrXdlS0kEiBn2rMLrra/vyp43b1uFYCGnCEgVL6b1XdqYacYvSSITunOKfGctsIyxRlS7NlToLGo26WLV5KVAEEmCR2/rVSX4b6slx1DWiFSVzlABBH9xVSPU2o6W+rULPVri3uXRHmtKz8o4qa0jxa60bbUh3V7C5nCnLi0SXVAe4j+/nWcMc4u09G8pYcjVpFh6L8OG9GQs3A2LUqcGAB6H+/wDaofrDwktLu5Ve6UpHmKUpa04An/ppJnxL1J9ezUFtkqMQhEYpbUevkqWbOzT5R25eJ/iPoKqMJtt2Y5o4p/For2g9MuaU+hu70wtbEkK3Jnd7TWjdJMWaHHm7bahDaRuTH4T7VVLHreyeW3Z6otABEB7t9ak3A4wo6hpF2driclsxIHuKmbc3xloWPCsFOJqug64E3CmFOEEkbSFE9v0qx3F8zqFuttxRmKwzSfEA2F6LfUWpbcBh0K/AoDAI9/WrnZdStXSfOt7lk7jBSFiT9KyyQlBUjX88cjtMW1VTtspam1fEDgnvUJ+2Lxsn7ysFM+lPtQ1FFykgETMGKquqPrSFJ5NZQdv5HUslqyRutXbd/AqTUet9SjunNVwXziXoyM07/aDsJGAPWtPxOL0Zzk2TDV8phJcWsADsTzUfd6wL1EuACDiPSmD/AJ90Q2khQUeQf50S8SxZMhtQyOT/AMVtCHJ/IxyTUY7GmqXbW7y0LM+1QzszuSvjtStw4hTiikY7U23BZjiT3rshGkeH5M1knof6b95uEqZbTIJ4Hc1eOi+iRe6v+29fdU4Wsttq+KTjkmlfBzQemda6fvzqtilzUWtQXtV5hCi3tEQAcjPP8u+oabollbqShhO1Ce01zZppSr2e14jk8aT6LT4L6e51L4q2TDSALPp5r9ovjEKVlLafbPxZ52kCcx6xTJlR7maxv7O9jpdgxrybW3Qm5W+2446BKlJUmACf/L/Idq2UwBXVhVQPF8/I8mdt+jvccUQmh3ehopPY1qcYOIoprt1FJ9KBgmOCaKT2HFcSAJNcFDtmgSAPpQAEcGaEmikgiBQM4n3rpxFdFdmPlTALtgcmuSrGeBXKViJopUSImkAO/wB8VxKld4FEmhCu8UwDnj3oPiSMzQTP/wA0BcCTkjFHQ+wylY4NADHGaKXZO0c1HX3UGj6ejff6rZ24z/mPJH6UNpFJMlN00BcA/jFUPVfGDpSw+CzXdakuY/8ADtnbPpuNVvUfGHW7gD9kaNaWoyCblRcV7EQRSci+GrZrpcHKQpQ9hNN7nULWzbLl1cMsJ9XFhP8AOsDvutes9S3i56keZQoRttkhqPqM1Butt3bnnX77147j47h0rP6mlyL4KjcNT8UektPK0I1AXLyf/wCttCoP/miKq2oeMeouFQ0rQmmwBhbr5I+cAVmbt3bMDZIQn0AimVxr+nspk3CUgc5AotspJUeCEFJTNASoGTJokqTJCR6zSokKSpSgJ9e9M5BdJHlbgIPzpo4tU7JwcU6fc2thMJBI5imhUQQCQr1+VAB1uKQxJBxzNNFObhJyo+9KXKoTzimqFZBk+8igBdCYAJAPzNPbRrzHAgYSgFaj7UyC09pE1NdNW6rnUEMhz4nlJZSk5kKNDA1/9kL1HTOlOmkEebevWKTPeVpWv9AeP+a9uPIFuEWrZ+BhtLafoK8qdDaWnVPGbpDRmwVM6e+5cqT/AP62mVpB+UqFeqXFh1a1A4Kj3rOC+dhNLikK2rZUNk/iBGK82dDNHqz7X3UGoABbdmhHlqAwPKOzPbsqvSTFyizbduV/hZYccM/9KSa87/Y+tndZ6l6m64dO4u3dwyDJnDrxP/vTXS1/xtmMEnNv9HqdG1SnHB/Eon9aqPUzvn6gIE+W2EpUPnxVwZgtkx+EFX9aoepvuP3LrhWBuWSE+gmoiCexmUzhRqRt2ghkOAFQJ/Ko9KpiP51JoSUW6UEgGMgUdDltBVERAOa84fbtvyx4Y9LdPIcj9ra8hxaQPxBtJUP5V6LWTkRHpmvK/wBtZ97UuquidAaSpRsrV6+UgERCjtSoj6K/OrhSdma3JKR5ztAl+9H3lIMJIEGPlRm3mXtU2blBBkT6QO9KWju15RWmNshU00tQF3rroUAVqJz6Vj7s6SU1B59LbbVqtKlztz6fKrb4OW10vrZp1LqQbKzdeeSEncQYAEDnn+5qnqeRa3DDriUlKVAkAdvWtY8HrVu/12416zbAabsl2r65H41EKRjn+Gssr1S9lK0rKz4gvXf/ANQdbuVDzGm0DM/h2Igj2OP7msLtll1BePLiio/M1rnWOrIOrdTas0pTrN80++hQUITuBHr6mshsWS0w00kEkJA4rSKJZpvgDpLmp+LXT6EhIDFwHFAnMwYNejftEanbdU+JbPTSbZt1Gl2VulThVP7xUgoI+X981jH2VLdKPFfTXViV/ElWJ5Bj+VW/qu7vL7q/VNcuHEi4ub11JI52NkhJxxgR71knc2bSukjGVPA3t8whIShi6dZT8U4SojFHZcCHkrng5HtUfp4edZVfXBg3Lq3CI5UTmnGwj4uZ7jitfRmpNOyzMPFtG9o9pkdhUjaXoAUVZUO3aq5pdyU/u1ZSo8TxT5TyULKJBBrCUE3s74ZnGIw1vW3b662NuKSyhUBA7133reEomBFRd0tbdzARtzMR780L9ypABQMprZKlo4uTlK2TdrqSLAqfUuFJTj3NQN/rar66U/cuncogpCjJT2xULdaw66+UJBORwJk1oHh41pmkBV7e2TdxeOZUVICgn2zipqtnRibm+D6KuLpCEkh3HrBo9lrrLSy0p4GSCQD7+legrXV9G1ewb/8Atti28lEqPkIAPzx3qzJ8CfDzqzQ7e+1a3P3m5Ru3MJCAmYMYz/f55xnydM9deGscFJdnmd/UXLoiH9qR3B7VIW+oJTabUPIKiMndmvQtv9hHprqu2L3TviMvSnUJG63dXlOcfinn/b2nMde+xr4naLqq7Gx1O0vGWSE+et0AEnjv3x2ieCQcaJatGUsCnLXoz+21d5pZ3yU/OlFa+6FqWttKu4gyfY1qFr9i3xSLbD13rtow05AUsOJIE+mQfT+4pUfZP1FiE3vWjIcSdpCV95/7an0EfG5dMyq31B55uXUpB9qlunuur3RL5LKzvtHBsUlZ+FHuBVtu/BC3sEvIT1NcKWyspMwUn5fDVC6q6I1PQ1KuWL1F20B8SVJgx7etQ+OT4mWbHl8VXei59QOs3JFzaQEuQSmBBBFV6x6h1DQ7pK7bahDaidoHA+VV/SerEtgaff3G0tkJTNSq32LlXwETVwjxXFnBKbk7iaI31w44tt8XBW2FZSY/Wpd++F5bJeRkLAUFDiKyttLtu2FDA7Yq4dPakXtObBUFAfDn25rnz4oxjaR6Hh5XLUiWS204NwAKvSm11KU5BA4oV3ACgGTI/lTbUL74UogSeTNZwv10dcn9Bm702qN7adx9qh7pu+fuV3K3FlazPxHgelO7W4ShRU4ZNM7y9Wp6E8ek10xW7RweRltUwqW1YK1ye8io/Wb1Wl6bcXsA+UmRPE1ILe+ABQEmmF9ZnWbrTNBAKk6pqNtaOBPPlrcAVB7GO/8A81urZ52RqO0atY+BP2g+h9H0rr3SenVdQaPrFki8KNIJVdWhWkKG5r+KQoJxME90ndVi6RvPEnqVYsNM8PerUXgg7LzSHmBME5KwEjMDJBk+xj3VpdqjQ7Wz0mwllmwtWrZCUGAAlATAHYQKkDc3Kx8Tyiah4IN2zfH/ACOXHDiin+Dfh9qHQ3T6zr9429q+ohDlz5QIQ2BMJg5kTn+wNCURERMU1tO+6ZNLqUc1qkkqRySk5tyl2FJiikzzXE0UmmSjtxoCYoinKALBGaBhiZoBA4oBH+qg8wDkUCD7px3FcAAMAUiVjMHmiB1JMA59s0DFSZVM96ErhWDIpu/cN27ZW+620iJKlrCQB9arepeJHR2lLLT2sh5wfw2zanf1Aj9aTkkOi27kkGMfOkiR61md/wCM9slJ/ZPTl49IIDlytKEg+u0SSPyqAvPE7ri/B8u6srFs9rdj4gPmqaLHxNqWogbimABycVC6l1p0tpBKNR161bWIlCFb1D6Jk1hd3qGoakSdT1i9u5P4XXSU/lTAmxtyChDSD7AUOTZSijXb7xm0BolOnaZqN4QY3Kb8tJ/PP6VXb7xb6muSRp2n2diDPxOS4r+gqgXOu2bH+bdITt96i3eqWblW3T7e4unCYCG0FZJ+lTs0cUlaLdqXU/UerpKdU1+6dSeW2z5aD9E1DFqxQd3lkk8lZJ/nSdp054ja0N9h0ncNNL/juFhsD3g5qbsfBfrO5KHNX6p0+yGNyGEKdUPzgU1Fmba7Id2+Yb4IAicYqLuOq9OQ4phFwhS042pMq/IZrUdP8EelrdzzNU1C91eQQW3R5aCfWAf61atL6L6Z0cNjS+mdLtVNfhWm2SVj6mnxHy1SMEtrnqTWPh0Ppu/vSZAKW4TPzMVNWHhd4naxDt6iz0tlWYddlwfQVvrTboSUB0pT6JwP0pRFqDz86ql0kU037McsfAO0WgL17qe/cWRlNs5g+3FWvSvCzobTgjyumrR9aI+N9O8n3z3q7uWuPhT9aUaY2iIq1vsSV9nxxA7K/SuUkEgKPHFCQFJBBmaFSSgiAJrMxCLSVp2gmKIGCpXPFKKCiMUZsQnMevMUAMbiS5t+nNIhAScHB5rrhKg6VDmBketFSwpSgrf9CaAF0I3DAz3q7+F+mm/6sskOiW/OCgRxKRI/lVJSSIgGB2B5rUvBayaavrjV3FSWLdcBQjapRAiPlNTJ0ho3j7O1t+0vFfXtcVuP7M0nykkiQFrWQoT8gK9CRtjbWKfZU065Z6c6l6hugN9/qrjbRJ5aBIj2zP8AeK2tOViRiljVNsWR06ILxJ10dK+GfVHUZKUmx0x5aSriSkiP1qj/AGO9CVpHh9q12ptafvWpPrSlaNphTihwc8AUn9rrW06X4G6tp/mbXNWcYtmwP++T+gNX7wE0hekeFGh27ypdeZStzEZiTz866JtrGl9syxx05fZf7l37vZOr4BbUmfmIrPXnPMgJUVQIk1eNed8vTVpESSIn2zVEWohW0Gs0FL2HaBxj2zUsohCEyoYA/lUXaAlwA5BjvUi5JEk/r2psEI7VLcSlIkqUAK8W/aa14ax4x9VeTsSdEsLbTELUSduVLVHz3V7WtUB27bC52plZjvAmvnr1hqJ6h13rLqd0jdd6y+Nu6NyUr2JH5Cmv9WxRXyKmWnl6eq5LchKRFM7dflEq2ZOOKdPvLTYraRACvhIpmnYlvevKyYGag2FF3pU+02UbQT8Svp6VsPhC5caf4f8AWWuMuONumyXcNeYj4QW23AI4nJH51ikoef3uJUQnJCTE1ul/dMaZ9m5Dli4pAu21WxJV8UkkRPuMfU1D/wBkil0YnqWox0U42uB57SWj2UScmP1qrW/xNhJ5CYFTnU3mW+h2jDo2FbyYkcgJiP5VD2XxLSlKQZIFWSbx9ly3dd6x/bLdspKLZSELXEiYgfKSqmd9q6mU6rq74BceeunACcwXVAfzq2fZp+9adoeu6g+gBCLhsAqB/gO7+Q/X6VSOqRbsdF6lcqd/eJWFpHcFb2f51itts2yKml+iM6c6Xc1fw51bWbVlC3NJuFJUYJVsDfmGBPoD7f1rLdyh5DbiRAWkH861vwHCbrw96xtnUrCX3rgEKEHaqyeB78VielupNm02DJQnYSfbFVDdmclROW60sq8zcN1P/PSpG7dk4moNK1gfErilxdr8sJ9DzTaLhPVC62EvOBSj9al7Hp63u2NzzKiFEQZiPpURbHc6ncCciauFgQ1boAUfWJrOcuJ14sUci2NF6TYae2UtWLSd2SopySKQas0tSWXTkyQDipa4PnIG4iJ+dRVy0GVhbZmOcVMJ2jRYo4pWSFlfPW6tnmHMc+1aL0z1nrOk2wZtr5PlqO8tujdB/wCn0FZKbhR+IkAgc0ux1E7bkBStyU8RzUSx3tHp4fKitSPSWg+M2pWDiTcPNtOJHwust/F8/XvUtc+LJ1S4Up+883dBW67+Iqry811pZW7hceWpBGI5k0/b630+7STb3qfcGUn55rPjJHU/JwJ2qPTtj4r2zVum2ubwPbBCCkSY7ZqC6h8WNPtLVY0+wUu6JgOLjame8VgrXV9qhO5t8KHfJkUzu+o1XgPlqKQYIM1cYyTownnxVyRadV641F4vJUsFTqpKt2Qfaqvf6ncXpH3hwrBPfNMEvFw7lKJPeadsW6n1YHetElHZ5ufJLO+KIy58PWeorr71bXaLNbn+YNshR9aRHSur9OuLZuFeaho7UOpP4h61o+gaZ92aS6/skH1pXVmW7rcnYDPNQ/JXKiIeHUOV7KDb3DjjZbXJJPNWLQ322Lf7qowFK3Z96Y3Vmll6ERA/lTi0cbYUCpAPse1ObUlQYPhL5FgQ82hQSlG4xkio+/2Oub0mCBEUVt5JO4g7TkUVQ3lSkyAO0VGNI6sk1Wgv3dZa8wGJ/OmSklJ3Kz7mlnb1SE7Jj6xUc/dFRmSqe9dEUeVnlxdIOl0ebBSYNWzwZ0Sx6i8cuj7PUrtFrY2N23fXTriwlG1KoSk/9yykfykxVObKFmVAmfSte+z70oLv9rdYXjCVsPsq0xCFid/xSTH09fn2q7a6Oabs+hynNz63MbXFSggyCO0H5UoFTArzp071P1b0mEo0bWFu20yuzuYcQoeyj8SY/qR8tG0Dxi0O82W/UVs9pN0SQIBcZOP9Q4+vb5UOdEcTULVcKil3XIGai7G9ZfQm4t3kPMqGHEKkU4cdKxKeO0mKpMoULhJom4kzuqE1Lqzp7SAVajrdmztMbPMCl/8ApGTVavPF/QW9ydO06/vVA4UU+Ug/U5/SlzQ6L8VpByY+tFLo5QCfeKyO88V+pn3CLHTtPtW1d1qU6ofyFV686m6mvz/43qW9yCNrKg2mDz+GlzYUble63pmnNlzUNStbdPP710A/lVYvfFbpG2kW969fLBjZbsq/mcVjz4tlL825WXlpH43TvP5mmd1r2nWqAVXTSAR3WE/lScmNUaZf+MWpuDZpHTbDUK/zLp8qkeu1I/rVf1DrzrTUSSrXBaIVMN2jQQB/5jJqhq6kXeqSnSbG9vFFW0C1ZLkn6f3+tSNj014l6uN1h06u3SSAV37qWCPfbk/pQrkHQ8uFffV+dqVy/euAfifdKzSCru1t/hQpLY4gCKl7fwX6nv4OudY2loI+JuybU4T7bjFT9h4I9FWqQb57VtTV38+6UlJ+iTVUOzOrvqXTmNyfvKSpP8KTJH0FI2V5r+srS1oXT2o3m+QFIYISfqqAK3fSujumNJCTpPTenW60fhcDIUv/ANRk1NkXKk7FOGIiIjFNJLsVv0YVa+GPilq6Zubey0dpR5ubkOGPWE/3+dTNh4EoUoK6j6zvLgk/E3YtJbT8typNa2LaeRNKpZTAATR/Q+Uvso+keEvQemIQkaF9+cHL1655iyfWOPTtVrsdKsdObLel6ZZ2STz93YSgn5kCpFLG00r5QqqEkMCwtwy4tSj6k0cWyBkCnhQB7UOwHgUKvY1XTEEsA8Cjlkn0pUJI4MUITme9UaUJhnbkiaUIAEAfpRj7UHbmKBsLtzFDsEfL2rsx70Xg/Oqj+gPjXuKIMYB9YoUlSzITIGYoSEESVfEKOhSUNScqyB2rI5xBcqXk47ijrhDJMAjsRk0RA3LgHnvXX0NM7NxJkQTQAwcIKyc+1cnAOZJrkKQEgZ9/ehQJVEcd6AFWgnarsSmAfetm8P0nT+ib7Vnvx3BjPCQ2M5+tY+mG07lQQDgf0raLNo2nhzYNBG1zUEuNJQDypQ/5qZB7R6d8BtLGl+Fei7Ur33wcu3dwzuU4oj9CKvzTh35GKjel7M6P0po2jqAC7S0Q2s+4FSbIKnCD3gCnj3GyJvtnnv7ZF85c23SPTAV8N3dh9ac/EA6hAz//ANP75r0x0zaCx6e0qxbT8KLdJn515Y8cb0dQfaO6X6TcaQ6m0bZSkESW5dDpV9fJA/P5j1vbpDKEW4g+Sny5+Rq8kakv6HG/xoierXIYtUJI+Jat3tAxVPwo/XtVh6seCrwsiR5aEmfnVcTEmZ+dMzjQ9swveJOKdOHMA00tCc+gpdSiRyKTdltDTWdTGh9P6xriyoJ0/T7h87Y5DZivmqrVWH+n20tOvrduXV3D6iAPjUokg/U//HFe9/H3WVaD4G9X37C0pectk2qCe5WYj3xNfPy2szbsW9osK+FpKuO5yap0of8AZMLbbDpfDiNqAJB5zXLUlKAlw4IwY4NI3w8lxISqIAxRlAvpCVEpj1rM1G+nOld4GSUlBB3SkkVufiW5Z6J4N9PdJtsobevH2XEKSn0O5WPp+naM49o+lqevLaxtAtb948hgSY3SeK13x2QpxXTGnMWjjbdl94CkgRG0hIHyzWbpzRpVQsw/ropWdKYQ4CmHVkA/Koa2CkZAHEzUh1opCdaaYTy0zkREEnj+VRjJJSdqpgevFWlSI9npnwrv2bTwTubt91Hn3d7lJBykSFcfOqJ4ouNs6S5bMJabau9m1KO0EGP0qZ6SQ6x4VaNbfedqHlOPOJnkFwiP0qpeJN4f2ZZMpVATckTHPwnv9axjHiXJtujQ/DBdxbeEGramSR5gu0oXn4khkJOfYKrCmWXrFCW1pUlUyJ4InkVvfTl29p32dmWvLKkv2d0HCB8QC3QNwzj4Qf8AjNYt1Y+lL2nkuLK1MkqCk4HpFXFKJMk03Y1D5OFGlG3Urj45ntFMG1BSoUYnNOEBIUAAJBnnFWySXtndikj9an7XUygBZWI796r1utso2wCfenSSpUbQQkelRKKl2dOLK8fROr1BLp2tr27u3M+9IP8AnrTgyIzUcwhwrCiowDU3Z2/npjaZwKy4qGzpuWRkMX1IkKkH+lMrl5sgwY9Zq4f4Lu9ZUryLpm3WkDLhMH8qaXPhP1EtSkuapYMpSfhIClbvliqUov2DxTe0ijPOonEk0UlDg3KTkdorYtG+zG7qTDV3cddpSXUghtDOUn04pa/+yf1W0C9pXUtpcIj4Q6qDPuI/rWipnJKLi/ZkNsVBMpUYHYKqUtnlkgipO68LuttEbde1DS/PQ2ooLjShtEGJ+XvQW2g3qHgHWjAAlIEmTSdFwU5aHGngEBSx9KnrJ63ZAO3I9aYNaepgQUKEeog0ckA8EH2rGcb0dOJyg7ZYW9WWohpMbT6ClXr1MYVECfnVbRerQQUAxRvvqyuT/PiudYHy/R1zzxUR1qG3/MkAj3pkXVAAlUJmiOvArCnF/QmiOvsrblBBiumKpUcMsqeyQbu4wDIFKI1EJBBSAagBdKT/ABYrlXocPPHrVKJH56qiRvrhD0FMZOR6Ux5wDSCrg7o5BxSiVKxzmrqkcs5cnYq9cpYaAQ2px54httCElRUs8AAZNet/DLonqno3oHT7LUtFuFJcJvXFstFSUBQBAJ+R/r3rDvs0dFnxA8XrBS3GVWXTq0X77K0gh/8AEI7yBtPtiMnj6CLBUVBCoQCQE9o+VVxTVmfJvRils8w+kLbVM078pBTC0JV+tX/WOi9D1Ul026rN8nd51vCZPuPSqTqnR3V2kkr05heqMo5DW0OEfIkf386iUaGBpt1f6G6bjQ9RdsFqEEIAKVf+UyKC/wBQ1DVVbtY1i7vZztcdO36JGKDTek+vNXbCxoh05KuV352R/wCUSalmvCXWrhSTqnWLTCe7drbb5/8AMoiKnjbsLorqf2famW2EIPrAmmtx1Hp9ukldyCQeEjcfyFX+z8I+kmFJVeualqS+SH3oQT/2irLpnTHT2kbDpeg2NutsHa4loFf5mrUAsxlh7qPVwFaJ01ql8FDBTbKQme3xKAFTNp4c+ImpJCr9uw0ptWSHXy4sf+VI/rWzJ81QhTyvkDAo4YBOc/OqUUh2zMrTwR01xKXNd6s1C6x+CzHkDngkzNWTSfDPoXS9q2OmmH3hy7efv1H57sVbUNJFKBsDtVCGdpaNWbfk2Vrb2iAICWGUoH6Cj+RMqkqJ5mnhSCOKMhA+XtQAg3biBIj1pRLCaW2jgVyQeIoH0AhKThKf0oQnPFHAihxwBzSQ2BsM4/SgSmKPmOPauz/tVIX6QExkxRhKoiKD50YKH9mnQ99A7ZHxUUJg0Yq+VJlecGiixTtXfwmaKVpAzRd3eaaHaQbzB257zQpVOaICK4QDzxQxrYcwKKo/X0rlK3CBNEJ9qpIbej46m1IyT7c0m+VMwkKlJFOnyCgboAnmKYXJRIg84AFZHOKMn4gkYmKQ1Mq80JCJEDI9acWqEhPxJJVzNR908VPbYiOIFACHlpUfinmcGKOkqQoEGY9aKVGRjcJpRCSVf3FAD/Sgl19Hmo3JymCOSeK3oaOt7V+iOlys7W7xhLyUxylJUf8A21jPSFibvWbG3U6Al+5Q15apyJkn6V6S8N7Vev8AjLbILO+3sGnLtav9BghM/mRUSBd2emrvyy8UJIGwBIEegrrVBWQAoySOKQW6VuKXP4iTSv3hNrbXN2oABi3ce5/0pJrSK0kYSk1dnmPpRf8Ajb7aGrPBsPNaUtxSHJP4UbEgenJV+Z57ewmllxSnCD8R4NeRfsgIR1H4pdWdZiFfjMyT/muOKHy+EJ/vA9cNKLLCn3FfC0hTivkBNOa/5X/+GsqUUl9FM1u5Q/eOrbWojeUEn/pMVFJV8WO+KO8SorcCjLji3M+ilTx8jSIKgf8AmiSSeiUtEja4akj86OV7E/Oi2wKWgZz6TXOHcmJiKVBuzDPtl6siw8IrHRzvU5rOrspCEHJCAVE/pXkTULwuPb/K2mAAZ7dq9LfbA1VhXUvQ3TS0Je8ti5vXQofDGAJ/M15k1d5JdWlptG0rMECBHaqn0gxrVkVdOl2/QgqCsZjEfWnzMqWMEye1Q5WPvW8HhVTenFRIdQr4fcc1BoWzobRl3PUGm36bdTzjF438DmEogzNW7xWvL13qU2CHmnpYbfChjy/MlRz3knnv+td4a6TfW9y1dPqSRcQsbTJSE8fnNRPVbdxedf6yvzPNCH0MwDGEIAj9KwSubZb+jFOoH3rnqG+U9BcQ7sOZ4pAA+Woo/HGKTvLhVzq19cpg+bcrz8jFP9Ls3rm6YaCN3muIQlJxPxVt6JXZst08rTOl9A0tCwgoZC49lJB/nNUbxBvi8xZMgBYZbcUoj/UYifyq1eIPn6brWm6YgpQGbI7QlQPw7yBnvwao3VlwXG7e3O7zXNogCOVDvWa2Wvk0b5//ABfhLoNmq2bUi5YFopDiSI3blTzjgfmPWsU6+s22uotN05v4UNWIUsDAEqMRPyrafFe/YtLDS7VCAWitsM7V53JZG4H5T+tYj1S8p3qr7w4sP7GWWkpcAyCZ2n86F6FLbIG4Zet3ltOQFNkSN0mDkUdp3efc/rWodZeFPU2seHt14jWDFs69orqg9bWyRvXb7QTH+qJnMdxkxOTW77T7SLhkyhxO4VonasgmbV1H4nFgbfpU/a/dVlIUqd0RHeqey6JO7gZ+dTumXbb+1IO0jA/4pNFxk07LbZWrTqwlAwe1T1ppiEAFtIJmZ71A6a+ENgf6Rycmpm11gNzhJng+lcuWMvR6fiyxtb7LBYIQy6lOYOMGrO2W3QiUCEiM9xVKsdZt23AXQdpyCB3qcRqoWhDtuqUqTPNYQTjo73P46L7pl00UIDP7vaAMGrD+2AbXy1gb8jnt61l+k6u8HgFrShRIggVL3Gurec2FIAHYGa1U+LpkTqcVZLXjVsttTLgDwewpKoIIqE1Hp+yJadKEbmwdpAj86j16rD5UVxtPY8UdWtrecSNu5EQZORSnKT3EiMILfsYXuiJfuFfAIIjKar2o6E7bOFIQVEnnbVzVqDQUEKkqwSImk9SdtE26HJOVYntWKyyT2W0pLooiNGf3plA2qxSDunhhSkKGR6VaLi9YbRDaRJqr6xfy7C4j271045uZw5uK2R7rbQJBz7etMHiGgUiYPFGeuyte8KEDimL1wpRKiqfaeK3o4OQVbigvjHeiLfIE8zxFIOPEpO04iZmkW1qJ4BppMhux8h5bivimaVubpaGNjKQq4fPlMI/1LVwKbMknkQa1H7N3QFv4ieJFxc3KFKs+mWW75RdblpS90QPVQwR7jEkU9dEs9V/Zz8LNO8MehtLeurZo63qLBeunvKhSCrlMwPYduBjg1tzQCmkx6VVdPdT92abbHwtFSU4jEzVqtVS0mRBiqXWhVx0jnE42kUkLYFQIkU6juRNcgyrFDGLpYUWwVkqxiTRfIjtFPAR5YkUQgGj+wGpQJ4oUoExijrweKFCQo5P0pgHDe5IPEd6OhI4HagmBE0KYPsaADSJzQ8GfTiuEDI5riZIk0AGkRxQAnua4wRQDAwKADj1mjJ5xzRAY5NHSo5oAPB4NFM8nNBKeRM13mEYFAwwJVnOKElXPpRQvtNcSTNAXXQYLP1rpjik47g5od5iqKW+w/vIoMURTpAxRA+kYPfihNF/0LFVFOcxii7yc0YLJ+HFH9D2cDFGkRJohrgvtNUmFPsUwc8UXj3om49jFCZPBppDZ8erhcqDfGZM8UydWtajCRT5YJSoqMgdvWmgG5QSDBNZHOCFJS0StXAz71EhSlqMmM1JXZDTcDJOMiPpUYYkwImgAyNsxzSwcUMISAPnTdChkGcYmKVbKFglawkD1FAGieD7Kb7qy3ecBLdo26s4xOwifzNekPs62Ze6x6w1VyQGWmbVtROIIKjH51gvgrbBkajqG9SdjHkfEiDJII/MV6d+z7Zt/4O1LVlpUly/1NxMxylv4B/KsZXyof6NPPIB/OoTxP1h3p/ww6q1tm4DTltpb4bUUgytSCAPzqfSCpYSTn5Vl/wBp3UxpvhPqNip1KF6pf2dqkEhIKCv4jJ7RXVD5NI55rXH7If7Deipt/DHUeog0lteqPtJSr12ICT9cf3xXou+uFWumXK0riGF5ng7ayz7LWhf4e8BOmLFTZS5cti4dBEGTNaJ1O8EaQ6yn8SiJn/TGalPlK2a5FekUt5wxuBnAEzz70CFFRjFEW5OEkEdj60NukqWN3E4oa2Ikm0lLQ3GMUmSVkISRJIAnvQq3GCo811qAu6aB7GffFJEvSs8Y/a11xm98c3LBsuFekaa2yUgwBuJMj+8/Q1h1484XQUpAJTyKvni1qo13xg6z1i4uCQ1dC3RJ/hT2/Ofzqg3i9zhWHEkdgk1U+ysdcVQy2lLhUoGTnJqw6QV29oC8EErUSmDJFV0LClYUOcias1olCdPbeWPLKxuycGs2zRF88OdeutL1kqaQw80+0pJU6pQUFJyEp7Z+nHzqAvNcuntf1bWHrLyfPedfWhKuDt5q1+C7Fo6/rV7dt/eRp/klpKkghsuBW5Q94EfU1V+rTo1rpPUV3pmovKQy2/KHkQpJOCAfYn+ntUJKy5ttmO2oSpM9lLUrPckzWheD1mNV8R9HtHCVNsFbykxIVtSSBWe25CW0JAwEiPatP8BXAx1+xfKaBS22oSB2II/rVTdRIRZ/Fu8Rd9bsr/ELewbaUn3JJP8AOKonkftzrnRbG5bR5Tl2w2sD/wDGFSfl86l+rNdudR6n1F24ZaQlt5dugJTHwJUYP60j0Jbu6n4k6Q20gqCXULUIk7QoSajjS0OHxqjbPtGaJaafrPSGmWSglhpF0hO4jdAUcmOcQJ9hMnJwO7bZuvEl20CNzSXmikH+IpbB/mK1v7Rmrr1zxXY09orSjSrJLZ5HxKWTP1rIung071bdOXDYW6C4Q4Sfg2jBjv6Uk3Vscbkz294HaNojngnrV11I9Icfu2m5PwlRYJSCODkRnmY7wfBV5odx0/e3Ok3KctPOLBQiEbVKJSB7bSMDFe3+jbxWmfZ26itb24DTn75aHQf4vKgH/wBR5rxhqR1XU9IOuam8p10PAOKcUAc4ED+x8qjx7SdhklylZClWcGBTvTL37tcpUpvdmBmmikgfFPHakiohYUCCAZrpILza6mtTYQDAJ4nIp5a6mFS3uUFAjJ4NU5jUCUgKIUBznNO2b1wkgr2g4HyqeJSlRdfv4KZDm0jO2acWfUKmUhlp9SSnOKp5vF+UEqXIGJ/pSSb4pJKcKNQ8aZ0LyZLVmiJ6mfaU2pBClAjduOKdsdWOuqUiAj33YNZ21qm1MKSTjtTm1vlnLePc0fiRX+U10aJb61asoWp1W5asgA4rhryQUBtUKI+KOwqjovVSNx+LiTSqrxLEHzBu7xzWcsKZtHy6Rf2rxkAPOXMFQmZ/pTPVNZcKghyHEIgpnEGqYnViVfEsHvzSTmt+YVblK2jjvUrx0nZEvLbjosD2sNql0uQE9p5qB1PU0PI3JVmMCcj2NRLmplSlEqEERAM1GvXRJImPaa3jA45TcuySOoFCiCTtUI9aJ97V/qI9M1F+apUTmeaUS4SInHaqogdKdVMA4PNLNEgT+VNEHZ+P5wTSv3gEwSQPUUwJBpzesJVya9UfYftks9Bdc3MgvK11toqjIT5YMT6V5X08AOCRI969UfYhW4emPEK1Wr8Or2zoTHMtkE/pUy6Gj0vpjbptxxAV2PrVtswS0mc4qr6QuGikKI3Kn3qz2SlFAE+1OHQMcGBgiipEKBmjKE5oE4OaoRINkFoURXPyozWW84oHJjFKgEVSeSAKMgpBCf1oizJieKFJSTnEUwFO8ziuC84EzQEhWEqzQDGaAFAaNgcikknccGjhXINAAlRB9qMDjNJzmh3e1Aw8n0oUq9qLugc0UKM0/QhbdJiilQooJrpE5pDDCj7iDikgqDmjSPWmmPTBJnNdvjFFkzzQFUmhFqmAswJJqo9S9RL0fU2GUfGXUBSUKIAOSCB6mrarMikV2rTpSpbaFlPBUgGPlUvbNISUb1Yow6FtpUMhQChSw9QaIhG2Jx7UO7OKtuhW12GJIzRZg4rpJrhHemhthwQRQAmYooJHBrgoA/OmtsH9nx4UogkAkice9ETnhXuKO7IbG/0wfQUmg8kJ3RWZzDTUVbYhROfzptOBIExRtQdU44A5jOIpE5AEzPGcUAKoTu7flSyEBcJOTIO0d6Sa2JISok96facAu7aUEkbVTI9KANm6JH3XpO+1NwyLxwKBPIQ2mI/MmvUHg5p7ml+Gmg2ryVIW+2q7VuwSXFFX9a8u27Tth4f6XpjfxPvKCFY/F5rsA/kRXtG2tE6dbsac0AEWbSWgBwIrOlaG9IeW4/fpEnnOa85/bd1l4aN0b04wsBy/vHXliMqCUqCfTuQf7mvRNodyyqJPFeW/tDIX1X9pLw/6NQ4P/trjKlpHxYUpxZEe5RXXg03L6TMOf/JFM9ZdIWB0jpfQ9N8vy/u9miWx2nI/nSPVlxKWkJUBCZVPeZFTcJS8W0jDYDY9oxVR6nuUPXqm0kHYPLPtBrGJcrIT4TjdHAFKWw/eBIAiabqJABgfnTqwBCwQcd6E/sE/odqWRg/QU0vr1rT9OvtUWohFnaOu4OQQgkUs4fikLJ+faqP42a6NA8GurdWCwhQs1M7iqCNwI5pw20jPIm1SPn+/qDut32ra7crVv1G+euFBZOZUajFupCVYB7VIshNpoNsykFTm0GT6nJJqJcVvX8Rx6AUTdybNloNbAKcSgKAUowJq3bk3SbWzeIQsQhRHEetVW1ZSpxKZnM4PBqfslb7lCUmVHjPcCoZSNJ6dVbaD4adT6kytzfcXjFupaFbTA+EH/wDY1m/Ul4bbpy8Z+8KWXVJTBP4iVAk1f9Qb/Z/g8hleFanfNuqB/EDvMf8AtB+tZd1sSzp9qwoBP3l/cnPISDJ/WpjvYP6Ks1jEcCtT8ILRaPvWrILhUSGdoTxnmsuRuSCoJHqCa9DeAOkBPQGr6isQRcPCT3AZUoH8wKJ1VMrHFSbszXW1LOp3DgbAQtxago8q+I1NeCb7g8V9O2z8bDjeDxOKhHC/eAOP4CQrbmIFWbwBvWmutb991lJWhpCmiRJQRumP77Up6iEXslfEnVW9Q8X+pLsrKkMutMz6lKJV+pNUXw8+7X/iCj7ypQYfL5IB/FM7R+cVM9RvlfVfUGolSXFvXbzgAOfhx+sVWugLhKeogtJ2r8s+XtgqSScfrSkvjaHjlxZ6suL67PgL1S0WllFk06EJUiCAmFfzPy49681avetXPRiWvLbLhWweIIjJr0Rd6/q6Ps9apZ6resr1fUWV2Vv5pAU4FuoSCR3ITu9vlMV516i8jTUDRy4lbiIUoI/CmMRUYnFrQpv5MqdymDvCYTPHpSLiFEApIKY5inTqCoGDxTcb0kwBB7V0EBG1LQSEj504TcQ3tV+L50X4DEc8fKiEHgHHr3oAdWT7ilKSp2Ux+E9jTxkoWRKokxUMAoYmKV81QhOYHvQBMOkMr/EFA0Kb8tiEqAJ9BUOLlXbPv6UcOkCY5oAm29RUkglQ4wDQftAqcMLM9yagFPO7tyVH2o4uSn2IzSoLJk6goFSZ47+tJO3q1JCQ5xUWq5Ws7gfnQb3VEKBI7QKYEkbrcNpVJA5NI+aSqSRFJoBJnjHrzRgiADj86AHCEkiSccRHFKIUlsTgimwdKUwDii+atQ5ImgCQS82U5z/UUDTocUCkR9KaNEg5HPFP7ZBW5ASRPtSboCX03cpSVwSAYxV96V8RetPCO/8A8Q9IOsv29w6g3mn3A/dvIAIOR/FB7/KQCqalpjCWkpSJB+dTV0z9601+3X/+OUZ79qyklLRqrjtHvfwp8QtC8TejrbrHRGXGEPHy32HMKZdzKT7f2YOK0ax4EL5968I/Zo8WtT8PtMvNDuOnjqemXNwHHA04EuIWlG0AFXcxH1HABB9jeHfiH0t1+ypvQrpxu/ZbS47ZXCdjqQfQHkf8jsacWovgY8uRc1ETwa4QCDFFB9e1G3RWoyQZILcUVQNdbx5XxGuWI4NACCx6fWicYmaMVGTP1pMEbqAFkzGP51yp2xGfaipMEfFQKWZ9jQAbCUyKOhYAknNI98zFCqJ+HigBVSx2od0DJpCSRRgoj6UdD7FgZEigBpMLM8c0IURImkGvYoCZnFdzRJk+tduwUin6B6DkggEnNGC8RSRVBoUrzFPoaFN04NcaLuFBJJgUJFJfYPeDQ7gOOaTUYGTXAycH5UVsd06QoVKJoSRGDRQSMGgJAMCq9F9oNO2ilZkpoCop5ooO4zFC0NKkKJPrQkAZBzScmZAmuClbsiqW+gTpnx2u3ioBBGRiRQDe0gnkn1MUkgqW4CqJnGRilLk+WnYsyfb0rI5iMdWFOxt/PvQggYzNJuBIPwjJ70ZAUBCyMd6AFk/imZNTOhW6bm88pte11TatkiQDUO0TERzVq6AshfdSaeyGnSpbxQT/AAgAE/qBSYI2zR9NTe9cdN9MhA2feW3YiRtZhUfmK9ZPrJfdKs/Ea83+FTC9Q8Y1PrQlQ0+xcfCuYK1QR/8ArXonzN6lLB/EomSfepirlaLm3STJTTUJUkuSJAKufQV5U0ZKut/toftJoEt6ZqTjhUFSlLLDBBB/87kfTv29QC+VaWjj5ACWmHlq5ylKCTXmb7IjB6j8VururXd5JQ88gq7JeddJHMg/CiuhRrHJs57vL/0eu98uuOBWStRknmaomrXKFXjik4BPM8kc1d0nymCqBhJmTx7zWf6i4hy5cSxG0LVEd881nFa0adsR3H8RMg0+s8t78HtFRvxD4Yj1qQtynyvhxJ7CkAo55YFYZ9sfVVab4Kqs0OlCtT1Flnak/iAJkRW2uuQeFGe9eYftzasr7h0V08iCLi6U+pBPG0Kz+YFaY43LZE/SPM9wp1tptlBAhISQKji0Ssk4AHenqni85CwQRRQ1vcjeMDNZmgDLSWkb9yge1SeiOKRdKWGkrUEkJM5ST3qPe3IhIAHFP9AQ7cXarO2bJeuylCMYxnFKW0NF86+BsentHslEuBbiFx/phJ/STWXdXXCnXrFhQVvaQtySOQqP9q1TxKaCbyy05VwttTqN4TAICAcCayjqrzG9URavOpKWGgR8jUxVIRHpQpbOUkzgCK9H9Co/ZHgZc6g2VjdcedtiCcLTXnXTWrjV7xnTNKZcurl1WxDbaCqTMdsD/g+hr2FonRQtPD/S+lNbQ4lxLe67SSUkOFZVHr35pyY+cYpuzzvftqbt7py7KWkobUsifXsKkvA3T79eqajdW9hcLaeYVbofLZSkLKTEk9s8+x9DW4aT4b9IaU75g0xy+cP4TfQ4lJ9hEVL3t0bdryEhtppAhLTSAhPygVEsiWkccvKp1FGNJ8Gr5bjt3r3ViWA9O5FqiVq+aiPSnuidOdO9ItFnp7TQp/BVePgLdWQOZ7fT0FXG8U9dHcEqg9vSm6bDyyDKSTEVNykjNZpuWyma04LCwuNf1chSbZpS2w4rG6DtrGrO6d1O5udRdSN7yyogniTxV38b9dacuLbpa2hW0h95wL4IkbI+v981S9GaCbRZUkp3rBSfUVcY8Ud0bathnNxcxAApFSEnEx2pw6khRjtkUkETIBz/ADqrKaGzgUk7hQl5W0SKUUkhWOK4t7skfpVCCtqStUqjHFLpCVCClJ96blCRKQckUWXAIC5A9aQDrakHA+lAU5hXFN/OdByo/KuLzsAhOOaYDgpBUAADJ4oymU7Z2gTgQaZquHVYJrvOcImcelADnyUtnOSa4Kbj4v0psVLUoSox8+KMlCd2VfSgBcLjINJqeUVQTzxRQTvAjHrSgASTtRM0kBwURyaXbPcmkktqJ5xTy0tFFQIEZ70wDMMlStyhj0qx6XblUEJSDA4prZ6epZA2gAEkyO1WnTLFKAE7Ow96iTVG+LG5CtnbBCQpQkx6U+bCwNpSdh5pVFoNoImCY4pwpvYwoxkJJ5rFTXZ0ZcdLZNeEVgtizvHnAobtRWtCjkEBIx+tbLopubK5Y13THHLfULBQdZcaICo/iTJxChIPz9qpPQmkeVo9psx56A8R6FXNX2y3Mgocg9snEUSauzxM0kpfE9P6Hrdt1No9rr1ptCbppK3G90lpRGUmOKejBk15v6V6t1roXUhqmmoD1g6Yu7Mqw4niRPBHNegtK1rTNesmtU0e5S/bvp3CDKknukjsRWsJqS2b4siyL9k6wqURRXFxjtSVsuUmaFSiDmIqzUTJg94ou6TXKk80SexmmApMZrt55iiiI5oD7UAHKxFCkbjk0ScQTmgBI70gDkkE0IVPaik4ou4jimNKxWc+9cFDg8URJrlEzSQMUCj60YFI+LvSYPHpXKV6celMYbeJowMTJzSQWJmaNuFDuwV2KSO5rt5Se1E3ig3bjkUNloOVbsiuHziiAgCJo095poaVhpxBou+DIANASO1dKZxg/KmWr9B1maKFEGBig3Ak0XdmQadDu0KBRBOYrgrdzRNxKYoAeJEmqSsEr0fHZOxbnxLPHek7xzaggkkIoUgAySIicGm9ytWEpIjvJrI5RJJChMfLFGKgPeitqBB7Ee9ClO6TIMe9ACzJIyJ+U8Vo3hFbpe6ktX1j/IDziyE9thAz9azhpQHxFQPzE1rPhik22nX1wESlplEL287iZE/Skxo3j7PTJutY6n16AVNBGnpBOeSqf1ra21ypKJ4rMfs9WKWOgLm8CIdv9TcdUo8qA+FOf+0CtLbQrcAOxHFTD2wyd0iL8Vtd/wAN+G3UOrpWW/u+lXSUkYIUtspTn51m32LtLFh0h1Jqa8rdvxbocM5QlATgntIUfr24p79qrWFWHgxq7Ta4dv3WbVKZ5GZ/SrX9mnSU6d4PaWtxO1d8sXR9TulXf/uroyaxJP2zLGtyZpV/crt9OdnO9stSTgSOaoRgAJ3SQIkGrh1G95dp5Jgpc5J7CqWogVn6oe7DIJJ/EaftKKWwkJyaj2Pxe5p+FpSADRRTOJKiE8SQJmvFP2xNZOp+M1rpQfdLOj2XlhE/DuUSfrXthkJffbbSRPPPEZmvnn4wa011L4ydV6w3LjKLn7shSiY+DBj6z/Yq4Ok2R3NFPaSXCSolMZ4pWzzvkAxxRkqtw2ouFKYE570ppFjqusOeTo2k3t2CrbvaZJQPXPFZltpdiDqvink+9T/QCCjqvSbgzsRdgEwCkGOPrVx6d+zz1hr6/vervWuk2ZASA+SpavlHBrXuiPA3ojpJbd42m4vb1CYDjjspSTk/DAB+vt6Cok1VWZPyYY92ZP1XoPVHX3VzNl09oFyE2rCmPvLqNrQIJUST6Z/vNS+h/ZZs7m9GpeIOvruXPhUm2szDeOxURJ+nz9K3p63Sw35LaoSnJG0CZ9xSLY3naRxxUPI+kceTyXLrRH6F0j0x0zaN2PTWh2tjboEHawjcscfEqJqSetku5ecyckinCShtMkbT2pje3oAKUHtzWdswcm3saXz+1AbSTA9DVZu0u3ToSo5JqZeK18TNGRpbh2r2ZIyZoSRNpdkUzphRCyfhA9ajb5y3ti9fPEoYtkKdVjgJFWe7ZU2wQgDIjHNZz4xaqdB8ONSuUiXblabZAHJKgf8AamuzfF82eZ9W1B/XNZvdRePxPPuBsEDjcYP5VabO3CLRtpQCtqQCYqtaLp63bm1Z7zuJJyYq/NWKkgwCEnM1tN0j2MUbdMrNw2GwcH6UwWYjB+fpVkvbIgkAz34qCWySsp4j1oTsUlXQ3CTEnNGOxPb5mjBKpI9PauUkpEgk96YuxJSNx3ER9e1ApIkQM85paFFIxNFKCTxEc0CoQUiVbiYIriMg7p9jSvk70E+mYrg3HOY5imAj5cHKcUYtIzHNKEkjb6V2xcSM0rsKAS2hKIJ3GIoqGyvgEUu2hQyDBOBSqUAZPrQAihvGeBSiWCo4JM+tLpb3GQOcVJWNlugQc4yKGyoxsaW9ioqSAMn3qfsNKJzA7c806stKUvKUJnBnirDaaapEboIPMis3NHVDx20mM7TTYTtUIzIPNWCzsAUCEEgfxEUvZ6cHB8KQParBa6aCgIgk+3HFcksjk6R6MMMU00RLVlKfhQcdzSzWluX1wxpzJIcfUBPYAc/KrA3YFpIK0gDsamOldKDt25fLSmCjy21HOZEn2p4UpM5PPm8ULLLplq2y23btNIbS2kJgDmKkSn40tIyVfKhatRbpBG2BgZp5pTKbu7U4R/lAGSK0vej5e92w4t1BCUqJ9KndDurvSzv0u/ftFqIKvLPwqPuDg03DDe7JOMUtZKIfKQPrT0tji5Q2i/aH4oXlpNtr9kq5GIfaICsk/iAEelXbTOodL1tsK0+6StQ5bVhY+lYvc/AmQePei263rdaHmF+W4DIUnmrjKjph5Ff7G6qKt0cEUWQTnmqFonXd1bJRa64kutSdtyPxAf8AVVztby2vEB21uEOoPBSa1jNM6YyUlaHm4gZoAonNE3QeaEqHIE1ZQb4a6IGDSZVxRt0xmktjDSRXA5opUPWu3UBeqD7vShC5EUTtNAMZNAVYqDA5NDuSaTknmgkzjFMYrEmcUBM5jiiCe6qNJHen6Gqa2KJOJoDjOKJvjk0O70OaKL70gJNCkycGgJ9TRZgyDTSHxaFQuDHNcYGYiihQBkHNApQOYimUm12CDmjSBzmiTFcPU0DXQJXOAKFJNFoRA4NUh8tnx2UlKRKFyfSKYPKUVkTgVIuEhHA4wZmKi1oKFklUz71kchylTgTxngUZolKeZHeihRBMiP8Ay96BEbhPc0AO2zB4JBIER71s/TqDovQ128pXwvuKeREZSEx/OfzrINLTvvbdteQFhWeMVst1ZO/4O0fRBKXbxCWglJySt0mB9CKTHHs9S+GOl/snoLRrMN7FKYQ84Y5URyatTYJVIVn0pnYN/dNPs7BIKDb26WSDjg04RuQkqKsnIk1GNVEUnbs89fbN1Nw6R0poFuQF3ty84ADklKVJjn1UK9K9E6SzonR/T+lMtFCbWwbbCRwIxXlbx6DnUX2gekekWR5rFk5bqdanEKWpxZP0QD9PrXsBALO20C48hCWxnAiujK3UYfqzPHGo39sg+qHV7kIAJSlEqPpk/wDFVdSjOP51LdQXjIuHW0qKUnBHqe9V17VLO3VscuEA+k5qGUtEla/5gkcZp46cScQP0qpf4mSy7Dad8d55qP1DqDUH5LlyttJmEt4xSIeWMUWy51q001Dq3H2krU0tCBvg7lJIHf1ryLafZr1nWdQ1HUepupUWCL66cuB93/eFQUokSYwQCB+veBunnICi4kBO7ngzxQpcUtXwmJ7VP5mk4x9nNPLJu4lA0DwJ8OemQ2p9l7WLlpG1Lt2sEHMkkAAd/Sr3p6bWyYRZ6baW1mw2IQ2yylASPTApG4QVKySJpW3QYlX6GsJN+2ZSk29j0gbgSQSrvThlcEDAj3qOU4UmPijvmn9uBtCyrB471CTToye9Cd3ucMJ4GcGitM7UhayYA9acr2wFqjHamd2+Q2Qk4obZP6G14+tZAQcJmoZ24UX9pM/pQ392hKglDgClHIBzRrGyNwsAhRUfrTSvY2q2PLO1DpClCTP9KmEsllsfHkj8qFphNsyG0IEjBMc0ZKSUysTFRdmdciJ1I73UJCQABKjHJrEvtOLUnQtC0ZjBu7hD5z+KN8/oBW53SBuWZB9JPFYP9oNtOo9a9MaU2uVsaet1YB/DK4Bx8jWmJpyOzxY1LRl/SGlhzqF9ogK8iz80egUSBV+OlkNfEkCO/M1G+GukfeL3XdQQ2lSEutWrapz8MlX9KvT2kqA/HAHtU5snGWj6PxcScPl7M+1DTiVEDKhVYvbJbaydsR61p2paaUqK/LJBPPeqzfaUlJIkkdvaqxZOQ/IwV0UR1opcMkyKKpO7EARU1e2XlpPwQfWZnNRq2CBP5CtrOPg/oalKp2ic9poCk8E4pYtqSRk596MlsAbiASadkNNMQCSK5Iz8QwKcKTMkiO1JKn8Iz7+tHYnrsA+WCYTIPY0ZIgQDHtNClMiCDPFLNMqIzH50FJMRKDIIJFOGbVbsbRmlG2AsglJqY06yUVDH6UmzWGOxvaaeFJSSmTPpVjsdLIAhAn2p5p+mJA3kwRwKsGnWCM7kjP65rHJk4nXiw3tjCx08oP8Al5HqKn7WxCgAlPPanltYAgFST7Yqb03TisfCgTFcWTJydo9CEUtDSw00DaFjHoasljpgI3JAAFO7DStiQXEiR2qTFttTtQiJrJ2+i2kk2yDuNNcuCm2ZUEk954FXDStNt2G222mhCAJkTJ+dBo+iKJ+8OJyv8MjMVNKbTbAbCK64f8as+U/kfJefJxi9IaXWQEHHpUpotp5VupYB+I5zTC3QLp3YtREelWVKG2LdLaREDj1q4y+zzG76GpQnaogEUzt3lousAegp48ScA/rUekk3AMxtNOT0VVkuuHU59KMymYyTXMhPljcBwKIytKHCkmB/Oqv6BRVbHZcOBz86dadq9zp74VbOFPqkn4fypoB/EV0WE7pmCOwprRcZNPRpWi9V2epJDLywzcDlKvwq54P0qcSsH6VjCLwtOAOZQTEdx71atH6ovbIbbl83TBACZHxJ+orSMn7O2ORNbL7vSeTQzjBphZana6g0F2y5J7KEH8qdJVAhRrS7NddoVn864mAFHiiFRjA+tCVyOKaK0KSSMmh3ECAaSCtog5oAQVSDTEq6FQVCjSOSaT3dj86CPQmlQ+hXcJrioniiAxQpIJp0VVhh6mjE4ohO04NAZPBxVIdJBwuBFdIPBokBOSa6ZoGm0HPzoNwnNBOJmgIBEk0Db0KJM8dqHcTikUrUMUfdiaZbpoEn1NCFYpOZMEUIJJprsl/Ho+PNxuSkqJMHgnmo/JPxU7vXJOVKInHpTQfimMHnNZnMGgq4Bx3oyVN8Kk9p9KTClDgx7TRw2CoEc/PFAEv0+h53VrQthKgXUoUD3CiBP0r0Na6am/676Y0RsFSWLwBQHEIQo/0rEfDe1+8dQMIUTPnogH0GT/KvQnhc2vUfGFt9SSpuytHrhZPZSgQD9c1nLspI9B3F0PvDriikDeaK5dF22/dkK3RHec1Ca1dLZ2tMoLqnCSTu/CP6mk7C+XZ2Pm3xI8ltx1W49gmRVLSSIbpWY9061/i77Xes3eHmtPWQhU4SW2wgj35VXpzqTqbT+n7Z3UL1WXFHy0A/Eo5jHzrzB4IN6ronV3UvV11ZrBu7t1TLjgICgsqmD/fH0q4dR6iu/vVX1/c+e6J2AgQgHsB9a1zzX5KXpIyc1GKiuxTX+s9T1S7XcPOBsLXv8tGNo9PzqKYu3X171g7iZMmZmooqdW6dxME9owKmdKtkEeYHBtgHNcs5/RjLJqh/b8SojApF5wuqIEH0zxXOXYcUGkKEDvSnkoQiUzUptdmEu7GIK0mSQD8+KXQSQFEZ+VJrSpax8RB+dG3KwAEwKh92iHJqqFSkKGcK7e9FSvYIJOfaiOP7wB3FFBDkDg44obtWJr6HFuFOK2nIqUa8pCAlUH60ztWg2gZCiRHypyAGWyvbuxxS0+hJ/Yje3CWgIVj58VXNW1pq18wpUd4EJQDG4/7V3Umus2Dbq1EqWIITMe0Z5zVU022vdfvTcLcSmDglUKAJx+VCjy7G4+yZ01m71G589TR5EK9farla2KGGgVKUFeoptpelfcNwBlIEFQEAn1p2t5LgKOD6Vb2qRL3sVRKlwkkg0q4vBiTFI25KRAGPnSkKcKox71HWieKIvUFBNs47iSYJNZJ4m6fu62Z1lYO1jQ98zA+FSyf5frWt6qlSrF2E8EHPtWYeL10m06MutdKCpwW6tPkE4S5I/rWmLT2d/iNKRD+B2i+f0Ddau4oleoam66mB/CMRzVzXpBGUthQ9ZpLwX086d4W9PW+0lTrBfUVepUY/SrW7aOmYbgegrhy5LySs+xw46gtFDvdIkFKREiD3iqxq2glICyCZJxNapdaYop3BPPaoDUNJKQoKSR3p45JPs0/EnZkd9o6SgwlRI5B7iqxd6d5a1Hy1JSDmtfvNBBWSFKEmYniqtqeibdxCQe5nE12Qna2cOTC1tGcu2+1UDNFDaiSCZ+tTd7YrYWSUwCPSmLqOQkAE4NapnDKF7GLjYKcmSRSf3faYI59qe+USIIP5UdNuXExkk07J4OTGQbjIV+Qpxb26lCQMGnLNiVK7x3qUtdNAjB9sVLZag38UhGy08EJWvg8RU5a2RRAx9PSlrOxUhCN4x6VM2VulJkoieR6VjObWzsxYOCOsLJUAlUfKrFYWKpBV+tN7O181YAQBx8qs+nWDiwgxgmK5XJtnWlSFdPtEr2gqOParLpunpQBBhRxRtO0ZOxClmD3FWHT7RkrCIwIxUZI0UtISt9OlIMmfU08ttKUtzIlIqSaYRATtFOf3aEhtIgfOtseLXJnkef5lR4RYkl0MthtXIEccUycXvcMGj3CglW2ZnNdZsh1QJFaxXJnz05bHukWiWlquFpBEQDOZp/5oWvdBIHvTZalFIbSdoFHtlo3QTI+dDSsy9CjwlYgSKZPICHQRic07edIchAEj+VM7gkr3KwaaWtlRVVZIsqCkCTRkhMwRn1pvbKJSDM06SmDPpSb+imkg44wcUdKMbgRSBWSQaVbE/wAVMEt0JXISojgEelK2twpuBMj50D7ZjdyKbpMZHerXRpF3onrXVfJUktOltQMymrjoOvtaugsOqAuWhKvRQ/3rMFvbQJo9pqtzp903dWiyHWyDBOFD0qot2dONuGmbKlyRRiT2zVd0Xqmz1doLBDbycON5wamkXKFI3BQINa2dEaatDndODRQSDik0uyOKUMRNUU1SFEmB8QoQqeMUmlYiVGgJk4p2CYsSYiK7AzxSe4Acc0IUBk4inaGmKBQPIoZg0ju7jFGCgBSbCg5WDyaFJ+tJEyYmhBMkDtTVoe0KEmgg0BOJBoNxPFUaR2G3DtQyQJNEEDIod3cUDarSDbjzXJVn50UEzkY7UaQYANCFtHxxuyFO8x7elJGSkJnA/OguFEmNuZ9K5rIO7OJPtUHIGQ2VRmRic80ZCd3wJJIB5oqFHlQGCKOkAEwDx2FAGk+Edq2rWXXgztNvaqcWeQSfhH8637wEtvN1vqPWlnCUptBjHBI/U1i/hPaeTpOqal8SYaZQoq5IBJP9K3/wEtix0lq9+5IVe6mtSZTHwoJT/SsplpabL+pHm3ACshOImq11RrKHb9/SrVaFobZ8t3afwqJyPy7Ux6n6weYvH9M0h2XipSHXiI8ocQJGSR3qI061btkBO3cqSoqnJkzJPfmnKXHZzzy8dIesrDTYbSAlCeABgVB6zeErhGQO1Sd5cAShCuQCarz7nmOkk/D6VlcuVnHNVK2ONLtfPKSQIPNTjzrFtahloAK4mo2xKWWpCyMQB6e9IuPl5zbvKszNZtOTHKm9Du0ZWt0ncpP/AFVIrKkpEq3Tik7JtQakpAPqaUnaoldO21ZDV9iBSSqex7zQkhORz/KhdVuI2ngUmV5Ak5qXtUgePWhEStcDEd6dtI8ohSiJ9qT2pahSiM5GeKM0guLneY75xVp2iK0PWVgfGVQBk5qJ6i6hZ0yxW+8vagJOBOTGPXvSmr6mxY2i3EuBCUg/EcA4/wCKyjVdVu+o7zy2SpTTRAQjyoBMn4j39c1MYKUh8KVgl696p1FpA3b3CSG8QhO7JOB2Nat0/oNvZWqGWYUlH8RAnmYn60w6O6ZY0ezSFlC7leXFqzPpHp8qtkt2zRGAY4FNvk6+iZT5fFCLzhbRtBn60gjaqPhx86KtwOq7emKcMcDEkUXRNfQfeAmDAPbNBbrVuO4x7g803vrjagDvOKNauFSQo5EcxSqtsKsTu/iQ41unclQB+lZX1rplx1Z4cat00l0NXRCXmlLBI3oMxj1/sitZdbQVhao24PPPrVE1Vbeja66hxtYZdc3pjghVXFtM6fEl8iW6QthpnSug6Q2JVaWLTLgJ/iAzVuaYU+n8O0HvUFpibdCUlCpQcgzyKtVq406z8ICYxiuLIk22j7rx8injVEc7p5zCRioLVtLUr4kpM+wq+NMIKBJkn1pneWaFq+JMe9ZxVumacjKrvS1ydw47VXdT04SQWx3x61rt/pTISTsBqE/YVvcOmW8+1dEXoThcTD9V0HcFNraOZIzJwJqrP6W6ncXGlJKAJxXom96NbWV7W96jIGM/Sq3fdCPB4uGEA/CGyjj5mt1PWzlnhRjidIWoyJJ9e1LN6UQQpKfnFaO70eUrUopSk5OMHFHR0635ZUcjmOMU3MyhgrRQ2dLUEBXkkTjiakmdGXuSAkT6lNXS20Fg/wCUlRwAYHBp+jRUhIQokzGDS5GixKL0ip22kKAASACfQTUxZ6JIBKQVE5nFWOy0PaQ5sOOMRmpS00pAVucVk8gc1i5Ur9miTIrTdHTshSRIwflVo07TWW2RtG4nnM4o1tZJSdqBg9ql7VhLRFYc3J7NVHYrZtJAEpiBERUratBSpQjPtTdlv4hCTnvT5h5FtIByrnNXGKfZ5fnebHD8Idjv9203Ccn8qj7l4gHac/OiXF4lYIBimyVKWQFGa6FbVHzGXI5Oxe2bdfWJkiRJqbFslhsAwSeDFN9OZAAUeB3py44VryfhGBmnVdGVNvYxunS2khPNDpilLPxryM0hqG4KwqQTzS+lpTtBUZJ9Km90OSb0LPZe3j5ETSVwoKEqTFKvH98CCRFNr0rSndMgYmc1o38djSd0xWyWTACsDtUgPnUNYOgfEDnuKlmVIIG7E96zjbQJV2GJ25iaBDsqiCP6UK1hImRSaSoncRirqyndjnfuHbFclO5Xb61zKvbmgccHbtV0xx/Q1uikHk0zU7JhMj3NLPOyDFNApU8YpbR0KVDq2W408HmnVIWPQ8zVitdZeaRtSdsxkczVZTgyCZ96cNPOAxu5x8qu29o0TpaND0fqpCwlFyAFRn4p+VWJi8ZufiacSayZFyWRuCvrUjYdQgHcp0tKHBCuYqoy9mscjemaeVAgVwJqq2HUilAKU8lxPfsTUtZ67Z3QEqUhXoRj86tSNISTZLBRmT9KBRIzP60gh5tZlLifzFK7zMEzVqmatJ9Bgr3ilRxCc03xijoURxikwVdiqjjIH50VCgMUBV3VRUwapDSpbFN4JxgUYKnikgQORNdvI+tD30D70L9p9aAGfimiFcpiuQsdzTof7YcHHP0rgqYPH1ohUAOST60YLIE800Wml2fG1ToJOz1oULKDzFIlfoMzSohQlc1mcAq27CSCVD0xSzRSlYcmDmJ/pTVByDtxOJp9ZOAPF0gAIEiO1Admz9HoFh4chbQUV3gXuPckKIBP0rWNH1t3TuiLDQ9NcAcLS1Pkj8JWSTBz3NULp7TS10rpGmrlR8je4k8StRUR+tWxpDdnZptkJIHpM1k3fROSdR4oPprSVPgJOBkqPc1MuPKbTCVEGoq3hpIVu9+OKcJfDpA3GREzWcvk7ZxzdOmKyPLG5z4jg5pAIQDvCQRiiXDytoAPGflSCXl/h3Ekeg5ppMJ/LY6ddSSEpKRHautrVa3CqQAaaoaWpYWAR8xUnaEhQNPpaMnFtWSTa1pbCdsx7+1JOPqJ4j3muKwRAye5FIvOqKcyT7Uor2JNpN0JF6TsCsznNLIPlIBWZjimyECfNWVBVMr29ccX5TapAMHFCjy0jSnKKbHa3lXLyQAFe9LXN+ixtStxYEGByMxIzmmja/u7JccXJAKiB2gTmqB1R1Pdaq6rTLRwpZG0LKAZKgSI470lFt0TFVdjTqzXLjXbw2NtK2EqUgBMfvTnHGQKu3Q3Sjljah+8blx87ggJAKBmQZFRvRHSYbUjVL+2hwJAbQrMcicitHsGvIG5fIwBFKarUTPJPnLXQu3boaSFpTECm77+YmZ7HilLm6O0hJ70x3OKI2lR9qiMZLZCXEOJ3ApPJ9Jp/vKEZyTFNmJCgVc0dy4EHcFJERmmo7tjk9jO8uCtYREgc+tOrMSgSgAnOTUY+oqcASqBPcVKWSlEpQZ9iOKctqkCdqkOLpsvWnmNiFJzFUrq3T0X9kp0tlTraYCjkCTV6QkhW2NyVVFanaJ2LZgQqDkcj0pw+JUG4O0U7o/V3GnFaVfO5SQWlqIBAPCI75rSrBY2Bs8pMEe9ZDrdoLTUfOt1pQpK9zawBKVD51c+jeqUaihLV2Sm5TKVc/FE5Aj29axzYq2vZ9H/AB3mcPjLpl8ac3K2pJpV8tlBC1frUZb3jY/Ccmk726ClfAQT3HpWMLR9Fjakw9yEqSUgGKjw0EObxE96cIfB2oWSZouoFLSZSYMcVojWqexJy5ZSqDz60f7vbXDW9YSqahmku3LpVBifWnQLzCwlBx6dqmr2U6vQNxozD0DaAYgYps50w02gqCZHpFSyLjctMpiKfuXSUN7NoMiOKpMzlHekVNvp9aiS01uSnmBmk1aerzC2q3gzExVys0kpJSg55ot+wg7XNuQeyeaN2Q6TIKz0ooAG4mfypY2IbXuCFbe5qwsWzKmPMGFRMUR82xty35cK9aLTdEPIo22NLCxSAN2ArNPV6elLidgxyTTVu4QyAXlEJGa5/WWwJSTH5TTWJKVs8XzP5GlxgPXnWWUbUmJxM81GP3SZ2jJ5FMH9QdulAIT9JwKe6fZOOQp3PpAqvx8tnzs8rcth2GXrh0HjvmpmytkFPxtgR+InvR7WySNq1CAMnFL3DxjymRCcVso6ozkr2A2oLUUsjakdxQLB3Qngc5rmlqSDFJB5QUoRI4xS4lR/Y0vVmdqeKdaVvEhQB+tRt6+A4NiSmTk1K6Y4fLAIOe8VNeyeVyF1hSHPiyJphqRhE7iAP5U9eJLomePSorWHUAAQqT7Yq30aNXsV0pvzZVuECO9Shn8KTMetROlJUlEg81Kpk5CpJ/OphGiO+gi3FKjnFKNq7FUURZU2MYoEOkQk81aRdrpjwrAQADNJOPbeeDRS5Co9fem9y6Ae5NHaNY0JPgnKTiiMyZOaM24VmI+dOQ1A+FJk0Vqioo6G9u5QzXJcQASkUTcsYyKSdcSlMZFVVFppsFy52gkc03FwCRk03un18J4ottkYqWm+h2lKmWCx1FaEhKhM8yammNRYKQkE7v0FVVpW0CTmnjVxsG5aiB6zVei07ZaLfVltrkOEAdpqVt+rmmilNypJ3HmTI+lZ6/qZUdiFKnv70kbhbhBUVEjv6VSvspTaNmtdVtbxpLjDqVyJI7j6U4D6DG01jdi/eWqy9aXTjS4j4Sc1denurE3Tws9Rb8u4IJCkn4TGOfU+lUtGkcnIuW4wFTQ7++Kbh5JAKTM8UdKxPea1Ss3TsWJJGTxQAj50Xd+VcmDlVMS3tCu8xM0CSD7UWZEAVwEfEQaK2MODByMUcTj3pMExIB/KhCiBnmmtjlrs/9k=\"}');

-- --------------------------------------------------------

--
-- Table structure for table `timetable`
--

CREATE TABLE `timetable` (
  `ttid` int(11) NOT NULL,
  `foodid` int(11) NOT NULL,
  `day` enum('Monday','Tuesday','Wednesday','Thursday','Friday','Saturday','Sunday') NOT NULL,
  `mealtype` enum('Breakfast','Lunch','Dinner') NOT NULL
) ENGINE=InnoDB DEFAULT CHARSET=utf8mb4 COLLATE=utf8mb4_general_ci;

--
-- Dumping data for table `timetable`
--

INSERT INTO `timetable` (`ttid`, `foodid`, `day`, `mealtype`) VALUES
(1, 1, 'Monday', 'Breakfast'),
(2, 8, 'Monday', 'Lunch'),
(3, 15, 'Monday', 'Dinner'),
(4, 2, 'Tuesday', 'Breakfast'),
(5, 9, 'Tuesday', 'Lunch'),
(6, 16, 'Tuesday', 'Dinner'),
(7, 3, 'Wednesday', 'Breakfast'),
(8, 10, 'Wednesday', 'Lunch'),
(9, 17, 'Wednesday', 'Dinner'),
(10, 4, 'Thursday', 'Breakfast'),
(11, 11, 'Thursday', 'Lunch'),
(12, 18, 'Thursday', 'Dinner'),
(13, 5, 'Friday', 'Breakfast'),
(14, 12, 'Friday', 'Lunch'),
(15, 19, 'Friday', 'Dinner'),
(16, 6, 'Saturday', 'Breakfast'),
(17, 13, 'Saturday', 'Lunch'),
(18, 20, 'Saturday', 'Dinner'),
(19, 7, 'Sunday', 'Breakfast'),
(20, 14, 'Sunday', 'Lunch'),
(21, 21, 'Sunday', 'Dinner');

-- --------------------------------------------------------

--
-- Table structure for table `user`
--

CREATE TABLE `user` (
  `userid` int(11) NOT NULL,
  `username` varchar(50) NOT NULL,
  `password` varchar(50) NOT NULL,
  `email` varchar(50) NOT NULL
) ENGINE=InnoDB DEFAULT CHARSET=utf8mb4 COLLATE=utf8mb4_general_ci;

--
-- Dumping data for table `user`
--

INSERT INTO `user` (`userid`, `username`, `password`, `email`) VALUES
(1, 'Bansil Pabari', '1234', 'useapp0002@gmail.com');

--
-- Indexes for dumped tables
--

--
-- Indexes for table `attendance`
--
ALTER TABLE `attendance`
  ADD PRIMARY KEY (`attid`),
  ADD KEY `studid` (`studid`),
  ADD KEY `food_id` (`food_id`);

--
-- Indexes for table `feedback`
--
ALTER TABLE `feedback`
  ADD PRIMARY KEY (`fbid`),
  ADD KEY `foodid` (`foodid`);

--
-- Indexes for table `food`
--
ALTER TABLE `food`
  ADD PRIMARY KEY (`foodid`);

--
-- Indexes for table `student`
--
ALTER TABLE `student`
  ADD PRIMARY KEY (`studid`),
  ADD UNIQUE KEY `studpnr` (`studpnr`);

--
-- Indexes for table `timetable`
--
ALTER TABLE `timetable`
  ADD PRIMARY KEY (`ttid`),
  ADD KEY `foodid` (`foodid`);

--
-- Indexes for table `user`
--
ALTER TABLE `user`
  ADD PRIMARY KEY (`userid`),
  ADD UNIQUE KEY `email` (`email`);

--
-- AUTO_INCREMENT for dumped tables
--

--
-- AUTO_INCREMENT for table `attendance`
--
ALTER TABLE `attendance`
  MODIFY `attid` int(11) NOT NULL AUTO_INCREMENT, AUTO_INCREMENT=26;

--
-- AUTO_INCREMENT for table `feedback`
--
ALTER TABLE `feedback`
  MODIFY `fbid` int(11) NOT NULL AUTO_INCREMENT, AUTO_INCREMENT=10;

--
-- AUTO_INCREMENT for table `food`
--
ALTER TABLE `food`
  MODIFY `foodid` int(11) NOT NULL AUTO_INCREMENT, AUTO_INCREMENT=22;

--
-- AUTO_INCREMENT for table `student`
--
ALTER TABLE `student`
  MODIFY `studid` int(11) NOT NULL AUTO_INCREMENT, AUTO_INCREMENT=15;

--
-- AUTO_INCREMENT for table `timetable`
--
ALTER TABLE `timetable`
  MODIFY `ttid` int(11) NOT NULL AUTO_INCREMENT, AUTO_INCREMENT=22;

--
-- AUTO_INCREMENT for table `user`
--
ALTER TABLE `user`
  MODIFY `userid` int(11) NOT NULL AUTO_INCREMENT, AUTO_INCREMENT=2;

--
-- Constraints for dumped tables
--

--
-- Constraints for table `attendance`
--
ALTER TABLE `attendance`
  ADD CONSTRAINT `attendance_ibfk_1` FOREIGN KEY (`studid`) REFERENCES `student` (`studid`),
  ADD CONSTRAINT `attendance_ibfk_2` FOREIGN KEY (`food_id`) REFERENCES `food` (`foodid`);

--
-- Constraints for table `feedback`
--
ALTER TABLE `feedback`
  ADD CONSTRAINT `feedback_ibfk_2` FOREIGN KEY (`foodid`) REFERENCES `food` (`foodid`);

--
-- Constraints for table `timetable`
--
ALTER TABLE `timetable`
  ADD CONSTRAINT `timetable_ibfk_1` FOREIGN KEY (`foodid`) REFERENCES `food` (`foodid`);
COMMIT;

/*!40101 SET CHARACTER_SET_CLIENT=@OLD_CHARACTER_SET_CLIENT */;
/*!40101 SET CHARACTER_SET_RESULTS=@OLD_CHARACTER_SET_RESULTS */;
/*!40101 SET COLLATION_CONNECTION=@OLD_COLLATION_CONNECTION */;
